movie_title,domestic_distributor,budget,domestic_opening_sales,earliest_release,rating,runtime_minutes,genres,summary_sales,crew_list,cast_list
Maid in Manhattan,Revolution Studios,55000000.0,18711407.0,2002-12-13,PG-13,105.0,"['Comedy', 'Drama', 'Romance']","[['Domestic', 94011225], ['International', 60895468], ['Worldwide', 154906693]]","['Wayne Wang', 'John Hughes', 'Kevin Wade', 'Elaine Goldsmith-Thomas', 'Paul Schiff', 'Deborah Schindler', 'Alan Silvestri', 'Karl Walter Lindenlaub', 'Craig McKay', 'Jane Musky']","['Jennifer Lopez', 'Ralph Fiennes', 'Natasha Richardson', 'Stanley Tucci']"
He's Just Not That Into You,Warner Bros.,,27785487.0,2009-02-05,PG-13,129.0,"['Comedy', 'Drama', 'Romance']","[['Domestic', 93953653], ['International', 84912505], ['Worldwide', 178866158]]","['Ken Kwapis', 'Abby Kohn', 'Marc Silverstein', 'Greg Behrendt', 'Liz Tuccillo', 'Nancy Juvonen', 'Cliff Eidelman', 'John Bailey', 'Cara Silverman', 'Gae S. Buckley']","['Ginnifer Goodwin', 'Jennifer Aniston', 'Jennifer Connelly', 'Morgan Lily']"
Master and Commander: The Far Side of the World,Twentieth Century Fox,150000000.0,25105990.0,2003-11-14,PG-13,138.0,"['Action', 'Adventure', 'Drama', 'History', 'War']","[['Domestic', 93927920], ['International', 117694615], ['Worldwide', 211622535]]","['Peter Weir', ""Patrick O'Brian"", 'Peter Weir', 'John Collee', 'Samuel Goldwyn Jr.', 'Duncan Henderson', 'Peter Weir', 'Iva Davies', 'Christopher Gordon', 'Richard Tognetti', 'Russell Boyd', 'Lee Smith', 'William Sandell']","['Russell Crowe', 'Paul Bettany', 'Billy Boyd', ""James D'Arcy""]"
Flight,Paramount Pictures,31000000.0,24900566.0,2012-11-02,R,138.0,"['Drama', 'Thriller']","[['Domestic', 93772375], ['International', 68000000], ['Worldwide', 161772375]]","['Robert Zemeckis', 'John Gatins', 'Laurie MacDonald', 'Walter F. Parkes', 'Jack Rapke', 'Steve Starkey', 'Robert Zemeckis', 'Alan Silvestri', 'Don Burgess', ""Jeremiah O'Driscoll"", 'Nelson Coates']","['Denzel Washington', 'Nadine Velazquez', 'Don Cheadle', 'John Goodman']"
The Fighter,Paramount Pictures,25000000.0,300010.0,2009-11-20,R,116.0,"['Biography', 'Drama', 'Sport']","[['Domestic', 93617009], ['International', 35573860], ['Worldwide', 129190869]]","['David O. Russell', 'Scott Silver', 'Paul Tamasy', 'Eric Johnson', 'Paul Tamasy', 'Eric Johnson', 'Keith Dorrington', 'Dorothy Aufiero', 'David Hoberman', 'Ryan Kavanaugh', 'Todd Lieberman', 'Paul Tamasy', 'Mark Wahlberg', 'Michael Brook', 'Hoyte Van Hoytema', 'Pamela Martin', 'Judy Becker']","['Mark Wahlberg', 'Christian Bale', 'Amy Adams', 'Melissa Leo']"
America's Sweethearts,Revolution Studios,46000000.0,30181877.0,2001-07-20,PG-13,102.0,"['Comedy', 'Romance']","[['Domestic', 93607673], ['International', 44700000], ['Worldwide', 138307673]]","['Joe Roth', 'Billy Crystal', 'Peter Tolan', 'Susan Arnold', 'Billy Crystal', 'Donna Roth', 'James Newton Howard', 'Phedon Papamichael', 'Stephen A. Rotter', 'Garreth Stover']","['Julia Roberts', 'John Cusack', 'Billy Crystal', 'Catherine Zeta-Jones']"
Lady and the Tramp,Walt Disney Studios Motion Pictures,4000000.0,,1955-06-22,G,76.0,"['Adventure', 'Animation', 'Comedy', 'Drama', 'Family', 'Romance']","[['Domestic', 93602326], ['International', 331068], ['Worldwide', 93933394]]","['Clyde Geronimi', 'Wilfred Jackson', 'Hamilton Luske', 'Jack Cutting', 'Ward Greene', 'Erdman Penner', 'Joe Rinaldi', 'Ralph Wright', 'Don DaGradi', 'Joe Grant', 'Dick Huemer', 'Louis Pollock', 'Frank Tashlin', 'Sam Cobean', 'Oliver Wallace', 'Donald Halliday']","['Barbara Luddy', 'Larry Roberts', 'Peggy Lee', 'Bill Thompson']"
The Bucket List,Warner Bros.,45000000.0,335837.0,2007-12-25,PG-13,97.0,"['Adventure', 'Comedy', 'Drama']","[['Domestic', 93466502], ['International', 81906000], ['Worldwide', 175372502]]","['Rob Reiner', 'Justin Zackham', 'Alan Greisman', 'Neil Meron', 'Rob Reiner', 'Craig Zadan', 'Marc Shaiman', 'John Schwartzman', 'Robert Leighton', 'Bill Brzeski']","['Jack Nicholson', 'Morgan Freeman', 'Sean Hayes', 'Beverly Todd']"
Tomorrowland,Walt Disney Studios Motion Pictures,190000000.0,33028165.0,2015-05-20,PG,130.0,"['Action', 'Adventure', 'Family', 'Fantasy', 'Mystery', 'Sci-Fi']","[['Domestic', 93436322], ['International', 115599346], ['Worldwide', 209035668]]","['Brad Bird', 'Damon Lindelof', 'Brad Bird', 'Damon Lindelof', 'Brad Bird', 'Jeff Jensen', 'Brad Bird', 'Jeffrey Chernov', 'Damon Lindelof', 'Michael Giacchino', 'Claudio Miranda', 'Walter Murch', 'Craig Wood', 'Scott Chambliss']","['George Clooney', 'Britt Robertson', 'Hugh Laurie', 'Raffey Cassidy']"
The Magnificent Seven,Sony Pictures Entertainment (SPE),90000000.0,34703397.0,2016-09-14,PG-13,132.0,"['Action', 'Adventure', 'Western']","[['Domestic', 93432655], ['International', 68927981], ['Worldwide', 162360636]]","['Antoine Fuqua', 'Akira Kurosawa', 'Shinobu Hashimoto', 'Hideo Oguni', 'Nic Pizzolatto', 'Richard Wenk', 'Roger Birnbaum', 'Todd Black', 'Simon Franglen', 'James Horner', 'Mauro Fiore', 'John Refoua', 'Derek R. Hill']","['Denzel Washington', 'Chris Pratt', 'Ethan Hawke', ""Vincent D'Onofrio""]"
Cats & Dogs,Warner Bros.,60000000.0,21707617.0,2001-07-04,PG,87.0,"['Action', 'Comedy', 'Family', 'Fantasy']","[['Domestic', 93385515], ['International', 107301977], ['Worldwide', 200687492]]","['Lawrence Guterman', 'John Requa', 'Glenn Ficarra', 'Christopher DeFaria', 'Andrew Lazar', 'Craig Perry', 'Warren Zide', 'John Debney', 'Julio Macat', 'Rick Finney', 'Michael A. Stevenson', 'Jim Bissell']","['Alec Baldwin', 'Tobey Maguire', 'Jeff Goldblum', 'Elizabeth Perkins']"
Space Station 3D,IMAX,,489488.0,2002-04-19,,,['Documentary'],"[['Domestic', 93383953], ['International', 34979928], ['Worldwide', 128363881]]","['Toni Myers', 'Toni Myers', 'Toni Myers', 'Micky Erbe', 'Maribeth Solomon', 'James Neihouse', 'Toni Myers']","['Tom Cruise', 'James Arnold', 'Michael J. Bloomfield', 'Robert D. Cabana']"
Two Weeks Notice,Warner Bros.,60000000.0,14328494.0,2002-12-20,PG-13,101.0,"['Comedy', 'Romance']","[['Domestic', 93354851], ['International', 105688391], ['Worldwide', 199043242]]","['Marc Lawrence', 'Marc Lawrence', 'Sandra Bullock', 'John Powell', 'László Kovács', 'Susan E. Morse', 'Peter S. Larkin']","['Sandra Bullock', 'Hugh Grant', 'Alicia Witt', 'Dana Ivey']"
Red Dragon,Universal Pictures,78000000.0,36540945.0,2002-10-04,R,124.0,"['Crime', 'Drama', 'Thriller']","[['Domestic', 93149898], ['International', 116046400], ['Worldwide', 209196298]]","['Brett Ratner', 'Thomas Harris', 'Ted Tally', 'Dino De Laurentiis', 'Martha De Laurentiis', 'Danny Elfman', 'Dante Spinotti', 'Mark Helfrich', 'Kristi Zea']","['Anthony Hopkins', 'Edward Norton', 'Ralph Fiennes', 'Harvey Keitel']"
Cinderella,Walt Disney Studios Motion Pictures,,,1950-03-04,G,74.0,"['Animation', 'Family', 'Fantasy', 'Musical', 'Romance']","[['Domestic', 93141149], ['International', 3242181], ['Worldwide', 96383330]]","['Clyde Geronimi', 'Wilfred Jackson', 'Hamilton Luske', 'Charles Perrault', 'Bill Peet', 'Erdman Penner', 'Ted Sears', 'Winston Hibler', 'Homer Brightman', 'Harry Reeves', 'Ken Anderson', 'Joe Rinaldi', 'Maurice Rapf', 'Frank Tashlin', 'Paul J. Smith', 'Oliver Wallace', 'Donald Halliday']","['Ilene Woods', 'James MacDonald', 'Eleanor Audley', 'Verna Felton']"
When Harry Met Sally...,Columbia Pictures,,1094453.0,1989-07-14,,95.0,"['Comedy', 'Drama', 'Romance']","[['Domestic', 93075866], ['International', 155634], ['Worldwide', 93231500]]","['Rob Reiner', 'Nora Ephron', 'Rob Reiner', 'Andrew Scheinman', 'Barry Sonnenfeld', 'Robert Leighton', 'Jane Musky']","['Billy Crystal', 'Meg Ryan', 'Carrie Fisher', 'Bruno Kirby']"
Elysium,TriStar Pictures,115000000.0,29807393.0,2013-08-08,R,109.0,"['Action', 'Drama', 'Sci-Fi']","[['Domestic', 93050117], ['International', 193090583], ['Worldwide', 286140700]]","['Neill Blomkamp', 'Neill Blomkamp', 'Bill Block', 'Neill Blomkamp', 'Simon Kinberg', 'Ryan Amon', 'Trent Opaloch', 'Julian Clarke', 'Lee Smith', 'Philip Ivey']","['Matt Damon', 'Jodie Foster', 'Sharlto Copley', 'Alice Braga']"
Flubber,Walt Disney Studios Motion Pictures,,26725207.0,1997-11-26,PG,93.0,"['Comedy', 'Family', 'Sci-Fi']","[['Domestic', 92977226], ['International', 85000000], ['Worldwide', 177977226]]","['Les Mayfield', 'Samuel W. Taylor', 'John Hughes', 'Bill Walsh', 'John Hughes', 'Ricardo Mestres', 'Danny Elfman', 'Dean Cundey', 'Harvey Rosenstock', 'Michael A. Stevenson', 'Andrew McAlpine']","['Robin Williams', 'Marcia Gay Harden', 'Christopher McDonald', 'Ted Levine']"
Flashdance,Paramount Pictures,,4076124.0,1983-04-15,,95.0,"['Drama', 'Music', 'Romance']","[['Domestic', 92921203], ['International', 92921203]]","['Adrian Lyne', 'Thomas Hedley Jr.', 'Joe Eszterhas', 'Thomas Hedley Jr.', 'Jerry Bruckheimer', 'Don Simpson', 'Giorgio Moroder', 'Donald Peterman', 'Walt Mulconery', 'Bud S. Smith', 'Charles Rosen']","['Jennifer Beals', 'Michael Nouri', 'Lilia Skala', 'Sunny Johnson']"
The Town,Warner Bros.,37000000.0,23808032.0,2010-09-15,R,125.0,"['Crime', 'Drama', 'Thriller']","[['Domestic', 92186262], ['International', 61839874], ['Worldwide', 154026136]]","['Ben Affleck', 'Peter Craig', 'Ben Affleck', 'Aaron Stockard', 'Chuck Hogan', 'Basil Iwanyk', 'Graham King', 'David Buckley', 'Harry Gregson-Williams', 'Robert Elswit', 'Dylan Tichenor', 'Sharon Seymour']","['Ben Affleck', 'Rebecca Hall', 'Jon Hamm', 'Jeremy Renner']"
Non,Universal Pictures,50000000.0,28875635.0,2014-02-19,PG-13,106.0,"['Action', 'Mystery', 'Thriller']","[['Domestic', 92168600], ['International', 130641000], ['Worldwide', 222809600]]","['Jaume Collet-Serra', 'John W. Richardson', 'Christopher Roach', 'Ryan Engle', 'John W. Richardson', 'Christopher Roach', 'Alex Heineman', 'Andrew Rona', 'Joel Silver', 'John Ottman', 'Flavio Martínez Labiano', 'Jim May', 'Alec Hammond']","['Liam Neeson', 'Julianne Moore', 'Scoot McNairy', 'Michelle Dockery']"
The Client,Warner Bros.,,17174262.0,1994-07-22,PG-13,119.0,"['Crime', 'Drama', 'Mystery', 'Thriller']","[['Domestic', 92115211], ['International', 25500000], ['Worldwide', 117615211]]","['Joel Schumacher', 'John Grisham', 'Akiva Goldsman', 'Robert Getchell', 'Arnon Milchan', 'Steven Reuther', 'Howard Shore', 'Tony Pierce-Roberts', 'Robert Brown', 'Bruno Rubeo']","['Susan Sarandon', 'Tommy Lee Jones', 'Brad Renfro', 'Mary-Louise Parker']"
Blade Runner 2049,Warner Bros.,150000000.0,32753122.0,2017-10-04,R,164.0,"['Action', 'Drama', 'Mystery', 'Sci-Fi', 'Thriller']","[['Domestic', 92054159], ['International', 167186366], ['Worldwide', 259240525]]","['Denis Villeneuve', 'Hampton Fancher', 'Michael Green', 'Hampton Fancher', 'Philip K. Dick', 'Broderick Johnson', 'Andrew A. Kosove', 'Cynthia Sikes', 'Bud Yorkin', 'Benjamin Wallfisch', 'Hans Zimmer', 'Roger Deakins', 'Joe Walker', 'Dennis Gassner']","['Harrison Ford', 'Ryan Gosling', 'Ana de Armas', 'Dave Bautista']"
John Wick: Chapter 2,Lionsgate,,30436123.0,2017-02-08,R,122.0,"['Action', 'Crime', 'Thriller']","[['Domestic', 92029184], ['International', 79518618], ['Worldwide', 171547802]]","['Chad Stahelski', 'Derek Kolstad', 'Derek Kolstad', 'Basil Iwanyk', 'Erica Lee', 'Tyler Bates', 'Joel J. Richard', 'Dan Laustsen', 'Evan Schiff', 'Kevin Kavanaugh']","['Keanu Reeves', 'Riccardo Scamarcio', 'Ian McShane', 'Ruby Rose']"
Star Trek: First Contact,Paramount Pictures,,30716131.0,1996-11-22,PG-13,111.0,"['Action', 'Adventure', 'Drama', 'Sci-Fi', 'Thriller']","[['Domestic', 92027888], ['International', 54000000], ['Worldwide', 146027888]]","['Jonathan Frakes', 'Gene Roddenberry', 'Rick Berman', 'Brannon Braga', 'Ronald D. Moore', 'Brannon Braga', 'Ronald D. Moore', 'Rick Berman', 'Jerry Goldsmith', 'Matthew F. Leonetti', 'John W. Wheeler', 'Herman F. Zimmerman']","['Patrick Stewart', 'Jonathan Frakes', 'Brent Spiner', 'LeVar Burton']"
Think Like a Man,Screen Gems,12000000.0,33636303.0,2012-04-20,PG-13,123.0,"['Comedy', 'Romance']","[['Domestic', 91547205], ['International', 4523302], ['Worldwide', 96070507]]","['Tim Story', 'Keith Merryman', 'David A. Newman', 'Steve Harvey', 'Will Packer', 'Christopher Lennertz', 'Marcus Miller', 'Larry Blanford', 'Peter S. Elliot', 'Chris Cornwell']","['Chris Brown', 'Gabrielle Union', 'Kevin Hart', 'Michael Ealy']"
Kindergarten Cop,Universal Pictures,15000000.0,7918560.0,1990-12-22,,111.0,"['Action', 'Comedy', 'Crime']","[['Domestic', 91457688], ['International', 110500000], ['Worldwide', 201957688]]","['Ivan Reitman', 'Murray Salem', 'Murray Salem', 'Herschel Weingrod', 'Timothy Harris', 'Brian Grazer', 'Ivan Reitman', 'Randy Edelman', 'Michael Chapman', 'Wendy Greene Bricmont', 'Sheldon Kahn', 'Bruno Rubeo']","['Arnold Schwarzenegger', 'Penelope Ann Miller', 'Pamela Reed', 'Linda Hunt']"
Heaven Is for Real,TriStar Pictures,12000000.0,22522221.0,2014-04-16,PG,99.0,"['Biography', 'Drama', 'Family']","[['Domestic', 91443253], ['International', 10444766], ['Worldwide', 101888019]]","['Randall Wallace', 'Randall Wallace', 'Chris Parker', 'Todd Burpo', 'Lynn Vincent', 'T.D. Jakes', 'Joe Roth', 'Nick Glennie-Smith', 'Dean Semler', 'John Wright', 'Arvinder Greywal']","['Greg Kinnear', 'Kelly Reilly', 'Thomas Haden Church', 'Connor Corum']"
The Haunting,DreamWorks Distribution,80000000.0,33435140.0,1999-07-23,PG-13,113.0,"['Fantasy', 'Horror', 'Mystery', 'Thriller']","[['Domestic', 91411151], ['International', 85900000], ['Worldwide', 177311151]]","['Jan de Bont', 'David Self', 'Shirley Jackson', 'Susan Arnold', 'Donna Roth', 'Colin Wilson', 'Jerry Goldsmith', 'Karl Walter Lindenlaub', 'Michael Kahn', 'Eugenio Zanetti']","['Liam Neeson', 'Catherine Zeta-Jones', 'Owen Wilson', 'Lili Taylor']"
Crimson Tide,Walt Disney Studios Motion Pictures,,18612190.0,1995-05-12,R,116.0,"['Action', 'Drama', 'Thriller', 'War']","[['Domestic', 91387195], ['International', 66000000], ['Worldwide', 157387195]]","['Tony Scott', 'Michael Schiffer', 'Richard P. Henrick', 'Michael Schiffer', 'Jerry Bruckheimer', 'Don Simpson', 'Hans Zimmer', 'Dariusz Wolski', 'Chris Lebenzon', 'Michael White']","['Gene Hackman', 'Denzel Washington', 'Matt Craven', 'George Dzundza']"
Back to School,Orion Pictures,,8881035.0,1986-06-13,,96.0,"['Comedy', 'Romance', 'Sport']","[['Domestic', 91258000], ['International', 91258000]]","['Alan Metter', 'Rodney Dangerfield', 'Greg Fields', 'Dennis Snee', 'Steven Kampmann', 'William Porter', 'PJ Torokvei', 'Harold Ramis', 'Rich Eustis', 'Chuck Russell', 'Danny Elfman', 'Thomas E. Ackerman', 'David Rawlins', 'David L. Snyder']","['Rodney Dangerfield', 'Sally Kellerman', 'Burt Young', 'Keith Gordon']"
Ride Along 2,Universal Pictures,40000000.0,35243095.0,2015-01-15,PG-13,102.0,"['Action', 'Comedy', 'Crime']","[['Domestic', 91221830], ['International', 33386608], ['Worldwide', 124608438]]","['Tim Story', 'Phil Hay', 'Matt Manfredi', 'Greg Coolidge', 'Matt Alvarez', 'Larry Brezner', 'Ice Cube', 'Will Packer', 'Christopher Lennertz', 'Mitchell Amundsen', 'Peter S. Elliot', 'Chris Cornwell', 'Korey Washington']","['Ice Cube', 'Kevin Hart', 'Tika Sumpter', 'Benjamin Bratt']"
Stepmom,Sony Pictures Entertainment (SPE),50000000.0,19142440.0,1998-12-25,PG-13,125.0,"['Comedy', 'Drama']","[['Domestic', 91137662], ['International', 68573131], ['Worldwide', 159710793]]","['Chris Columbus', 'Gigi Levangie', 'Gigi Levangie', 'Jessie Nelson', 'Steven Rogers', 'Karen Leigh Hopkins', 'Ronald Bass', 'Michael Barnathan', 'Chris Columbus', 'Wendy Finerman', 'Mark Radcliffe', 'John Williams', 'Donald McAlpine', 'Neil Travis', 'Stuart Wurtzel']","['Julia Roberts', 'Susan Sarandon', 'Ed Harris', 'Jena Malone']"
The Imitation Game,The Weinstein Company,,479352.0,2014-11-14,PG-13,114.0,"['Biography', 'Drama', 'Thriller', 'War']","[['Domestic', 91125683], ['International', 142430025], ['Worldwide', 233555708]]","['Morten Tyldum', 'Graham Moore', 'Andrew Hodges', 'Nora Grossman', 'Ido Ostrowsky', 'Teddy Schwarzman', 'Alexandre Desplat', 'Oscar Faura', 'William Goldenberg', 'Maria Djurkovic']","['Benedict Cumberbatch', 'Keira Knightley', 'Matthew Goode', 'Allen Leech']"
The Karate Kid,Columbia Pictures,,5031753.0,1984-06-22,,126.0,"['Action', 'Drama', 'Family', 'Sport']","[['Domestic', 91077276], ['International', 42043], ['Worldwide', 91119319]]","['John G. Avildsen', 'Robert Mark Kamen', 'Jerry Weintraub', 'Bill Conti', 'James Crabe', 'John G. Avildsen', 'Walt Mulconery', 'Bud S. Smith', 'William J. Cassidy']","['Ralph Macchio', 'Pat Morita', 'Elisabeth Shue', 'Martin Kove']"
Save the Last Dance,Paramount Pictures,,23444930.0,2001-01-12,PG-13,112.0,"['Drama', 'Music', 'Romance']","[['Domestic', 91057006], ['International', 40649803], ['Worldwide', 131706809]]","['Thomas Carter', 'Duane Adler', 'Duane Adler', 'Cheryl Edwards', 'Robert W. Cort', 'David Madden', 'Mark Isham', 'Robbie Greenberg', 'Peter E. Berger', 'Jeff Canavan', 'Fritz Feick', 'Paul Eads']","['Julia Stiles', 'Sean Patrick Thomas', 'Kerry Washington', 'Fredro Starr']"
The Scorpion King,Universal Pictures,60000000.0,36075875.0,2002-04-18,PG-13,92.0,"['Action', 'Adventure', 'Fantasy']","[['Domestic', 91047077], ['International', 89583830], ['Worldwide', 180630907]]","['Chuck Russell', 'Stephen Sommers', 'Jonathan Hales', 'Stephen Sommers', 'William Osborne', 'David Hayter', 'Stephen Sommers', 'Sean Daniel', 'James Jacks', 'Kevin Misher', 'Stephen Sommers', 'John Debney', 'John R. Leonetti', 'Greg Parsons', 'Michael Tronick', 'Ed Verreaux']","['Dwayne Johnson', 'Steven Brand', 'Michael Clarke Duncan', 'Kelly Hu']"
Prince of Persia: The Sands of Time,Walt Disney Studios Motion Pictures,200000000.0,30095259.0,2009-07-16,PG-13,116.0,"['Action', 'Adventure', 'Fantasy']","[['Domestic', 90759676], ['International', 245606000], ['Worldwide', 336365676]]","['Mike Newell', 'Boaz Yakin', 'Doug Miro', 'Carlo Bernard', 'Jordan Mechner', 'Jordan Mechner', 'Jerry Bruckheimer', 'Harry Gregson-Williams', 'John Seale', 'Mick Audsley', 'Michael Kahn', 'Martin Walsh', 'Wolf Kroeger']","['Jake Gyllenhaal', 'Gemma Arterton', 'Ben Kingsley', 'Alfred Molina']"
Antz,DreamWorks Distribution,105000000.0,17195160.0,1998-10-02,PG,83.0,"['Adventure', 'Animation', 'Comedy', 'Family']","[['Domestic', 90757863], ['International', 81000000], ['Worldwide', 171757863]]","['Eric Darnell', 'Tim Johnson', 'Todd Alcott', 'Chris Weitz', 'Paul Weitz', 'Bradford Lewis', 'Aron Warner', 'Patty Wooton', 'Harry Gregson-Williams', 'John Powell', 'Stan Webb', 'John Bell']","['Woody Allen', 'Sharon Stone', 'Gene Hackman', 'Sylvester Stallone']"
Scary Movie 4,Dimension Films,45000000.0,40222875.0,2006-04-12,PG-13,83.0,"['Comedy', 'Horror']","[['Domestic', 90710620], ['International', 87552000], ['Worldwide', 178262620]]","['David Zucker', 'Craig Mazin', 'Jim Abrahams', 'Pat Proft', 'Craig Mazin', 'Shawn Wayans', 'Marlon Wayans', 'Buddy Johnson', 'Phil Beauman', 'Jason Friedberg', 'Aaron Seltzer', 'Craig Mazin', 'Robert K. Weiss', 'James L. Venable', 'Thomas E. Ackerman', 'Craig Herring', 'Tom Lewis', 'Holger Gross']","['Anna Faris', 'Regina Hall', 'Craig Bierko', 'Bill Pullman']"
The Game Plan,Walt Disney Studios Motion Pictures,,22950971.0,2007-09-28,PG,110.0,"['Comedy', 'Family', 'Sport']","[['Domestic', 90648202], ['International', 57232341], ['Worldwide', 147880543]]","['Andy Fickman', 'Nichole Millard', 'Kathryn Price', 'Nichole Millard', 'Kathryn Price', 'Audrey Wells', 'Mark Ciardi', 'Gordon Gray', 'Daniel Severson', 'Nathan Wang', 'Greg Gardiner', 'Michael Jablow', 'David J. Bomba']","['Dwayne Johnson', 'Kyra Sedgwick', 'Madison Pettis', 'Roselyn Sanchez']"
"Me, Myself & Irene",Twentieth Century Fox,51000000.0,24209385.0,2000-06-23,R,116.0,['Comedy'],"[['Domestic', 90570999], ['International', 58700000], ['Worldwide', 149270999]]","['Bobby Farrelly', 'Peter Farrelly', 'Peter Farrelly', 'Mike Cerrone', 'Bobby Farrelly', 'Bobby Farrelly', 'Peter Farrelly', 'Bradley Thomas', 'Lee Scott', 'Pete Yorn', 'Mark Irwin', 'Christopher Greenbury', 'Sydney J. Bartholomew Jr.']","['Jim Carrey', 'Renée Zellweger', 'Anthony Anderson', 'Mongo Brownlee']"
High School Musical 3,Walt Disney Studios Motion Pictures,11000000.0,42030184.0,2008-10-22,G,112.0,"['Comedy', 'Drama', 'Family', 'Music', 'Musical', 'Romance']","[['Domestic', 90559416], ['International', 162349761], ['Worldwide', 252909177]]","['Kenny Ortega', 'Peter Barsocchini', 'Peter Barsocchini', 'Bill Borden', 'Barry Rosenbush', 'David Lawrence', 'Daniel Aranyó', 'Don Brochu', 'Mark Hofeling']","['Zac Efron', 'Vanessa Hudgens', 'Ashley Tisdale', 'Lucas Grabeel']"
Madea Goes to Jail,Lionsgate,,41030947.0,2009-02-20,PG-13,103.0,"['Comedy', 'Crime', 'Drama']","[['Domestic', 90508336], ['International', 90508336]]","['Tyler Perry', 'Tyler Perry', 'Tyler Perry', 'Reuben Cannon', 'Tyler Perry', 'Aaron Zigman', 'Alexander Gruszynski', 'Maysie Hoy', 'Ina Mayhew']","['Tyler Perry', 'Keshia Knight Pulliam', 'Derek Luke', 'David Mann']"
Space Cowboys,Warner Bros.,65000000.0,18093776.0,2000-08-04,PG-13,130.0,"['Action', 'Adventure', 'Thriller']","[['Domestic', 90464773], ['International', 38419359], ['Worldwide', 128884132]]","['Clint Eastwood', 'Ken Kaufman', 'Howard Klausner', 'Clint Eastwood', 'Andrew Lazar', 'Lennie Niehaus', 'Jack N. Green', 'Joel Cox', 'Henry Bumstead']","['Clint Eastwood', 'Tommy Lee Jones', 'Donald Sutherland', 'James Garner']"
Space Jam,Warner Bros.,,27528529.0,1996-11-15,PG,88.0,"['Adventure', 'Animation', 'Comedy', 'Family', 'Sci-Fi', 'Sport']","[['Domestic', 90418342], ['International', 140000000], ['Worldwide', 230418342]]","['Joe Pytka', 'Leo Benvenuti', 'Steve Rudnick', 'Timothy Harris', 'Herschel Weingrod', 'Daniel Goldberg', 'Joe Medjuck', 'Ivan Reitman', 'James Newton Howard', 'Michael Chapman', 'Sheldon Kahn', 'Geoffrey Kirkland']","['Michael Jordan', 'Wayne Knight', 'Theresa Randle', 'Manner Washington']"
Get Hard,Warner Bros.,40000000.0,33803253.0,2015-03-26,R,100.0,"['Comedy', 'Crime']","[['Domestic', 90411453], ['International', 21300000], ['Worldwide', 111711453]]","['Etan Cohen', 'Jay Martel', 'Ian Roberts', 'Etan Cohen', 'Adam McKay', 'Jay Martel', 'Ian Roberts', 'Will Ferrell', 'Chris Henchy', 'Adam McKay', 'Christophe Beck', 'Tim Suhrstedt', 'Michael L. Sale', 'Maher Ahmad']","['Will Ferrell', 'Kevin Hart', 'Alison Brie', 'T.I.']"
Trading Places,Paramount Pictures,,7348200.0,1983-06-10,,116.0,['Comedy'],"[['Domestic', 90404800], ['International', 90404800]]","['John Landis', 'Timothy Harris', 'Herschel Weingrod', 'Aaron Russo', 'Elmer Bernstein', 'Robert Paynter', 'Malcolm Campbell', 'Gene Rudolf']","['Eddie Murphy', 'Dan Aykroyd', 'Ralph Bellamy', 'Don Ameche']"
RED,Summit Entertainment,58000000.0,21761408.0,2010-10-14,PG-13,111.0,"['Action', 'Comedy', 'Crime', 'Thriller']","[['Domestic', 90380162], ['International', 108626225], ['Worldwide', 199006387]]","['Robert Schwentke', 'Jon Hoeber', 'Erich Hoeber', 'Warren Ellis', 'Cully Hamner', 'Lorenzo di Bonaventura', 'Mark Vahradian', 'Christophe Beck', 'Florian Ballhaus', 'Thom Noble', 'Alec Hammond']","['Bruce Willis', 'Helen Mirren', 'Morgan Freeman', 'Mary-Louise Parker']"
Planes,Walt Disney Studios Motion Pictures,50000000.0,22232291.0,2013-08-09,PG,91.0,"['Adventure', 'Animation', 'Comedy', 'Family']","[['Domestic', 90288712], ['International', 148970000], ['Worldwide', 239258712]]","['Klay Hall', 'John Lasseter', 'Klay Hall', 'Jeffrey M. Howard', 'Jeffrey M. Howard', 'Roberts Gannaway', 'Jon Cryer', 'Traci Balthazor', 'Mark Mancina', 'Jeremy Milton', 'Ryan L. Carlson']","['Carlos Alazraqui', 'Dane Cook', 'Stacy Keach', 'Brad Garrett']"
Legally Blonde 2,Metro-Goldwyn-Mayer (MGM),45000000.0,22220670.0,2003-07-02,PG-13,95.0,['Comedy'],"[['Domestic', 90186328], ['International', 34728514], ['Worldwide', 124914842]]","['Charles Herman-Wurmfeld', 'Amanda Brown', 'Eve Ahlert', 'Dennis Drake', 'Kate Kondell', 'Kate Kondell', 'David Nicksay', 'Marc Platt', 'Rolfe Kent', 'Elliot Davis', 'Peter Teschner', 'Missy Stewart']","['Reese Witherspoon', 'Sally Field', 'Bob Newhart', 'Regina King']"
Mystic River,Warner Bros.,25000000.0,640815.0,2003-10-08,R,138.0,"['Crime', 'Drama', 'Mystery', 'Thriller']","[['Domestic', 90135191], ['International', 66460000], ['Worldwide', 156595191]]","['Clint Eastwood', 'Brian Helgeland', 'Dennis Lehane', 'Clint Eastwood', 'Judie Hoyt', 'Robert Lorenz', 'Clint Eastwood', 'Tom Stern', 'Joel Cox', 'Henry Bumstead']","['Sean Penn', 'Tim Robbins', 'Kevin Bacon', 'Emmy Rossum']"
Terminator Genisys,Paramount Pictures,155000000.0,27018486.0,2015-06-25,PG-13,126.0,"['Action', 'Adventure', 'Sci-Fi', 'Thriller']","[['Domestic', 89760956], ['International', 350842581], ['Worldwide', 440603537]]","['Alan Taylor', 'Laeta Kalogridis', 'Patrick Lussier', 'James Cameron', 'Gale Anne Hurd', 'David Ellison', 'Dana Goldberg', 'Lorne Balfe', 'Kramer Morgenthau', 'Roger Barton', 'Neil Spisak']","['Arnold Schwarzenegger', 'Jason Clarke', 'Emilia Clarke', 'Jai Courtney']"
Flightplan,Walt Disney Studios Motion Pictures,,24629938.0,2005-09-23,PG-13,98.0,"['Drama', 'Mystery', 'Thriller']","[['Domestic', 89707299], ['International', 133680000], ['Worldwide', 223387299]]","['Robert Schwentke', 'Peter A. Dowling', 'Billy Ray', 'Brian Grazer', 'James Horner', 'Florian Ballhaus', 'Thom Noble', 'Alec Hammond']","['Jodie Foster', 'Peter Sarsgaard', 'Sean Bean', 'Kate Beahan']"
Father of the Bride,Walt Disney Studios Motion Pictures,,7031146.0,1991-12-20,,105.0,"['Comedy', 'Family', 'Romance']","[['Domestic', 89325780], ['International', 89325780]]","['Charles Shyer', 'Frances Goodrich', 'Albert Hackett', 'Nancy Meyers', 'Charles Shyer', 'Carol Baum', 'Nancy Meyers', 'Howard Rosenman', 'Alan Silvestri', 'John Lindley', 'Richard Marks', 'Sandy Veneziano']","['Steve Martin', 'Diane Keaton', 'Martin Short', 'Kimberly Williams-Paisley']"
The Emperor's New Groove,Walt Disney Studios Motion Pictures,100000000.0,9812302.0,2000-12-15,,78.0,"['Adventure', 'Animation', 'Comedy', 'Family', 'Fantasy']","[['Domestic', 89302687], ['International', 80025000], ['Worldwide', 169327687]]","['Mark Dindal', 'Chris Williams', 'Mark Dindal', 'David Reynolds', 'Stephen J. Anderson', 'Don Hall', 'John Norton', 'Roger Allers', 'Matthew Jacobs', 'Doug Frankel', 'Mark Kennedy', 'Mark Walton', 'Randy Fullmer', 'John Debney', 'Thomas Baker', 'Tom Finan', 'Pam Ziegenhagen', 'Paul A. Felix']","['David Spade', 'John Goodman', 'Eartha Kitt', 'Patrick Warburton']"
The Lone Ranger,Walt Disney Studios Motion Pictures,215000000.0,29210849.0,2013-07-03,PG-13,150.0,"['Action', 'Adventure', 'Western']","[['Domestic', 89302115], ['International', 171200000], ['Worldwide', 260502115]]","['Gore Verbinski', 'Justin Haythe', 'Ted Elliott', 'Terry Rossio', 'Ted Elliott', 'Terry Rossio', 'Justin Haythe', 'Jerry Bruckheimer', 'Gore Verbinski', 'Hans Zimmer', 'Bojan Bazelli', 'James Haygood', 'Craig Wood', 'Jess Gonchor', ""Mark 'Crash' McCreery""]","['Johnny Depp', 'Armie Hammer', 'William Fichtner', 'Tom Wilkinson']"
Taken 3,Twentieth Century Fox,48000000.0,39201657.0,2015-01-01,PG-13,108.0,"['Action', 'Thriller']","[['Domestic', 89256424], ['International', 237222717], ['Worldwide', 326479141]]","['Olivier Megaton', 'Luc Besson', 'Robert Mark Kamen', 'Luc Besson', 'Robert Mark Kamen', 'Luc Besson', 'Nathaniel Méchaly', 'Eric Kress', 'Audrey Simonaud', 'Nicolas Trembasiewicz', 'Sébastien Inizan']","['Liam Neeson', 'Forest Whitaker', 'Maggie Grace', 'Famke Janssen']"
Don't Breathe,Screen Gems,9900000.0,26411706.0,2016-08-25,R,88.0,"['Crime', 'Horror', 'Thriller']","[['Domestic', 89217875], ['International', 68612612], ['Worldwide', 157830487]]","['Fede Alvarez', 'Fede Alvarez', 'Rodo Sayagues', 'Fede Alvarez', 'Sam Raimi', 'Rob Tapert', 'Roque Baños', 'Pedro Luque', 'Eric L. Beason', 'Louise Ford', 'Gardner Gould', 'Naaman Marshall']","['Stephen Lang', 'Jane Levy', 'Dylan Minnette', 'Daniel Zovatto']"
Scream 3,Dimension Films,40000000.0,34713342.0,2000-02-04,R,116.0,"['Horror', 'Mystery']","[['Domestic', 89143175], ['International', 72691101], ['Worldwide', 161834276]]","['Wes Craven', 'Kevin Williamson', 'Ehren Kruger', 'Cathy Konrad', 'Marianne Maddalena', 'Kevin Williamson', 'Marco Beltrami', 'Peter Deming', 'Patrick Lussier', 'Bruce Alan Miller']","['David Arquette', 'Neve Campbell', 'Courteney Cox', 'Liev Schreiber']"
Oblivion,Universal Pictures,120000000.0,37054485.0,2013-04-10,PG-13,124.0,"['Action', 'Adventure', 'Sci-Fi']","[['Domestic', 89107235], ['International', 197061337], ['Worldwide', 286168572]]","['Joseph Kosinski', 'Karl Gajdusek', 'Michael Arndt', 'Joseph Kosinski', 'Peter Chernin', 'Dylan Clark', 'Duncan Henderson', 'Joseph Kosinski', 'Barry Levine', 'Anthony Gonzalez', 'M83', 'Joseph Trapanese', 'Claudio Miranda', 'Richard Francis-Bruce', 'Darren Gilford']","['Tom Cruise', 'Morgan Freeman', 'Andrea Riseborough', 'Olga Kurylenko']"
The Ugly Truth,Sony Pictures Entertainment (SPE),38000000.0,27605576.0,2009-02-26,R,96.0,"['Comedy', 'Romance']","[['Domestic', 88915214], ['International', 232767386], ['Worldwide', 321682600]]","['Robert Luketic', 'Nicole Eastman', 'Karen McCullah', 'Kirsten Smith', 'Nicole Eastman', 'Kimberly di Bonaventura', 'Gary Lucchesi', 'Deborah Jelin Newmyer', 'Steven Reuther', 'Tom Rosenberg', 'Aaron Zigman', 'Russell Carpenter', 'Lisa Zeno Churgin', 'Missy Stewart']","['Katherine Heigl', 'Gerard Butler', 'Bree Turner', 'Eric Winter']"
Percy Jackson & the Olympians: The Lightning Thief,Twentieth Century Fox,95000000.0,31236067.0,2010-02-10,PG,118.0,"['Adventure', 'Family', 'Fantasy']","[['Domestic', 88768303], ['International', 137728906], ['Worldwide', 226497209]]","['Chris Columbus', 'Craig Titley', 'Rick Riordan', 'Michael Barnathan', 'Chris Columbus', 'Mark Radcliffe', 'Karen Rosenfelt', 'Christophe Beck', 'Stephen Goldblatt', 'Peter Honess', 'Howard Cummings']","['Logan Lerman', 'Kevin McKidd', 'Steve Coogan', 'Brandon T. Jackson']"
Failure to Launch,Paramount Pictures,50000000.0,24411322.0,2006-03-09,PG-13,97.0,"['Comedy', 'Romance']","[['Domestic', 88715192], ['International', 41508966], ['Worldwide', 130224158]]","['Tom Dey', 'Tom J. Astle', 'Matt Ember', 'Scott Aversano', 'Scott Rudin', 'Rolfe Kent', 'Claudio Miranda', 'Steven Rosenblum', 'Jeremy Conway']","['Matthew McConaughey', 'Sarah Jessica Parker', 'Kathy Bates', 'Terry Bradshaw']"
The Muppets,Walt Disney Studios Motion Pictures,45000000.0,29239026.0,2011-11-23,PG,,"['Adventure', 'Comedy', 'Family', 'Musical']","[['Domestic', 88631237], ['International', 76553000], ['Worldwide', 165184237]]","['James Bobin', 'Jason Segel', 'Nicholas Stoller', 'Jim Henson', 'David Hoberman', 'Todd Lieberman', 'Christophe Beck', 'Don Burgess', 'James Thomas', 'Steve Saklad']","['Amy Adams', 'Jason Segel', 'Chris Cooper', 'Rashida Jones']"
Inside Man,Universal Pictures,45000000.0,28954945.0,2006-03-23,R,129.0,"['Crime', 'Drama', 'Mystery', 'Thriller']","[['Domestic', 88513495], ['International', 97490096], ['Worldwide', 186003591]]","['Spike Lee', 'Russell Gewirtz', 'Brian Grazer', 'Terence Blanchard', 'Matthew Libatique', 'Barry Alexander Brown', 'Wynn Thomas']","['Denzel Washington', 'Clive Owen', 'Jodie Foster', 'Christopher Plummer']"
Back to the Future Part III,Universal Pictures,40000000.0,19089645.0,1990-05-25,,118.0,"['Adventure', 'Comedy', 'Sci-Fi', 'Western']","[['Domestic', 88277583], ['International', 156800000], ['Worldwide', 244527583]]","['Robert Zemeckis', 'Robert Zemeckis', 'Bob Gale', 'Robert Zemeckis', 'Bob Gale', 'Bob Gale', 'Neil Canton', 'Bob Gale', 'Alan Silvestri', 'Dean Cundey', 'Harry Keramidas', 'Arthur Schmidt', 'Rick Carter']","['Michael J. Fox', 'Christopher Lloyd', 'Mary Steenburgen', 'Thomas F. Wilson']"
Waterworld,Universal Pictures,175000000.0,21171780.0,1995-07-28,PG-13,135.0,"['Action', 'Adventure', 'Sci-Fi']","[['Domestic', 88246220], ['International', 175972000], ['Worldwide', 264218220]]","['Kevin Reynolds', 'Peter Rader', 'David Twohy', 'Kevin Costner', 'John Davis', 'Charles Gordon', 'Lawrence Gordon', 'James Newton Howard', 'Dean Semler', 'Peter Boyle', 'Dennis Gassner']","['Kevin Costner', 'Jeanne Tripplehorn', 'Dennis Hopper', 'Tina Majorino']"
Starsky & Hutch,Warner Bros.,60000000.0,28103367.0,2004-03-05,PG-13,101.0,"['Comedy', 'Crime']","[['Domestic', 88237754], ['International', 82030996], ['Worldwide', 170268750]]","['Todd Phillips', 'William Blinn', 'Stevie Long', ""John O'Brien"", ""John O'Brien"", 'Todd Phillips', 'Scot Armstrong', 'William Blinn', 'Stuart Cornfeld', 'Akiva Goldsman', 'Tony Ludwig', 'Alan Riche', 'Theodore Shapiro', 'Barry Peterson', 'Leslie Jones', 'Ed Verreaux']","['Ben Stiller', 'Owen Wilson', 'Snoop Dogg', 'Vince Vaughn']"
Along Came Polly,Universal Pictures,42000000.0,27721185.0,2004-01-16,PG-13,90.0,"['Comedy', 'Romance']","[['Domestic', 88097164], ['International', 90214565], ['Worldwide', 178311729]]","['John Hamburg', 'John Hamburg', 'Danny DeVito', 'Michael Shamberg', 'Stacey Sher', 'Theodore Shapiro', 'Seamus McGarvey', 'William Kerr', 'Nick Moore', 'Andrew Laws']","['Ben Stiller', 'Jennifer Aniston', 'Debra Messing', 'Philip Seymour Hoffman']"
The Hand That Rocks the Cradle,Walt Disney Studios Motion Pictures,,7675016.0,1992-01-10,R,110.0,"['Drama', 'Thriller']","[['Domestic', 88036683], ['International', 88036683]]","['Curtis Hanson', 'Amanda Silver', 'David Madden', 'Graeme Revell', 'Robert Elswit', 'John F. Link', 'Edward Pisoni']","['Annabella Sciorra', 'Rebecca De Mornay', 'Matt McCoy', 'Ernie Hudson']"
Entrapment,Twentieth Century Fox,66000000.0,20145595.0,1999-04-30,PG-13,113.0,"['Action', 'Crime', 'Romance', 'Thriller']","[['Domestic', 87704396], ['International', 124700000], ['Worldwide', 212404396]]","['Jon Amiel', 'Ronald Bass', 'Michael Hertzberg', 'Ronald Bass', 'William Broyles Jr.', 'Sean Connery', 'Michael Hertzberg', 'Rhonda Tollefson', 'Christopher Young', 'Phil Meheux', 'Terry Rawlings', 'Norman Garwood']","['Sean Connery', 'Catherine Zeta-Jones', 'Ving Rhames', 'Will Patton']"
Peter Pan,Walt Disney Studios Motion Pictures,4000000.0,,1953-02-05,G,77.0,"['Adventure', 'Animation', 'Family', 'Fantasy', 'Musical']","[['Domestic', 87404651], ['International', 87404651]]","['Clyde Geronimi', 'Wilfred Jackson', 'Hamilton Luske', 'Jack Kinney', 'J.M. Barrie', 'Ted Sears', 'Erdman Penner', 'Bill Peet', 'Winston Hibler', 'Joe Rinaldi', 'Milt Banta', 'Ralph Wright', 'William Cottrell', 'Oliver Wallace', 'Donald Halliday']","['Bobby Driscoll', 'Kathryn Beaumont', 'Hans Conried', 'Bill Thompson']"
Pineapple Express,Sony Pictures Entertainment (SPE),27000000.0,23245025.0,2008-08-06,R,111.0,"['Action', 'Comedy', 'Crime']","[['Domestic', 87341380], ['International', 14283463], ['Worldwide', 101624843]]","['David Gordon Green', 'Seth Rogen', 'Evan Goldberg', 'Judd Apatow', 'Seth Rogen', 'Evan Goldberg', 'Judd Apatow', 'Shauna Robertson', 'Graeme Revell', 'Tim Orr', 'Craig Alpert', 'Chris L. Spellman']","['Seth Rogen', 'James Franco', 'Gary Cole', 'Danny McBride']"
Miss Peregrine's Home for Peculiar Children,Twentieth Century Fox,110000000.0,28871140.0,2016-09-28,PG-13,127.0,"['Adventure', 'Drama', 'Family', 'Fantasy', 'Thriller']","[['Domestic', 87242834], ['International', 209239612], ['Worldwide', 296482446]]","['Tim Burton', 'Ransom Riggs', 'Jane Goldman', 'Peter Chernin', 'Jenno Topping', 'Michael Higham', 'Matthew Margeson', 'Bruno Delbonnel', 'Chris Lebenzon', 'Gavin Bocquet']","['Eva Green', 'Asa Butterfield', 'Samuel L. Jackson', 'Judi Dench']"
Everest,MacGillivray Freeman Films,,364244.0,1998-03-06,,,"['Documentary', 'Short']","[['Domestic', 87178599], ['International', 40811529], ['Worldwide', 87178599]]","['David Breashears', 'Stephen Judson', 'Greg MacGillivray', 'Tim Cahill', 'Stephen Judson', 'Stephen Judson', 'Alec Lorimore', 'Greg MacGillivray', 'Daniel May', 'Steve Wood', 'David Breashears', 'Stephen Judson']","['Liam Neeson', 'Lhakpa Dorji', 'Dorje Sherpa', 'Ed Viesturs']"
Out of Africa,Universal Pictures,,3637290.0,1985-12-20,,161.0,"['Biography', 'Drama', 'Romance']","[['Domestic', 87071205], ['International', 140443000], ['Worldwide', 227514205]]","['Sydney Pollack', 'Karen Blixen', 'Judith Thurman', 'Errol Trzebinski', 'Kurt Luedtke', 'David Rayfiel', 'Sydney Pollack', 'John Barry', 'David Watkin', 'Pembroke J. Herring', 'Sheldon Kahn', 'Fredric Steinkamp', 'William Steinkamp', 'Stephen B. Grimes']","['Meryl Streep', 'Robert Redford', 'Klaus Maria Brandauer', 'Michael Kitchen']"
Sisters,Universal Pictures,30000000.0,13922855.0,2015-12-18,R,118.0,['Comedy'],"[['Domestic', 87044645], ['International', 17966408], ['Worldwide', 105011053]]","['Jason Moore', 'Paula Pell', 'Tina Fey', 'John S. Lyons', 'Jay Roach', 'Christophe Beck', 'Barry Peterson', 'Lee Haxall', 'Richard Hoover']","['Amy Poehler', 'Tina Fey', 'Maya Rudolph', 'Ike Barinholtz']"
Saw II,Lionsgate,4000000.0,31725652.0,2005-10-28,R,93.0,"['Horror', 'Mystery']","[['Domestic', 87039965], ['International', 60708540], ['Worldwide', 147748505]]","['Darren Lynn Bousman', 'Leigh Whannell', 'Darren Lynn Bousman', 'Mark Burg', 'Gregg Hoffman', 'Oren Koules', 'Charlie Clouser', 'David A. Armstrong', 'Kevin Greutert', 'David Hackl']","['Donnie Wahlberg', 'Beverley Mitchell', 'Franky G', 'Emmanuelle Vaugier']"
The Naked Gun 2½: The Smell of Fear,Paramount Pictures,23000000.0,20817139.0,1991-06-28,,85.0,"['Comedy', 'Crime']","[['Domestic', 86930411], ['International', 86930411]]","['David Zucker', 'Jim Abrahams', 'David Zucker', 'Jerry Zucker', 'David Zucker', 'Pat Proft', 'Robert K. Weiss', 'Ira Newborn', 'Robert M. Stevens', 'Christopher Greenbury', 'James R. Symons', 'John J. Lloyd']","['Leslie Nielsen', 'Priscilla Presley', 'George Kennedy', 'O.J. Simpson']"
The Campaign,Warner Bros.,,26588460.0,2012-08-09,R,85.0,['Comedy'],"[['Domestic', 86907746], ['International', 18000000], ['Worldwide', 104907746]]","['Jay Roach', 'Chris Henchy', 'Shawn Harwell', 'Adam McKay', 'Chris Henchy', 'Shawn Harwell', 'Will Ferrell', 'Zach Galifianakis', 'Adam McKay', 'Jay Roach', 'Theodore Shapiro', 'Jim Denault', 'Craig Alpert', 'Jon Poll', 'Michael Corenblith']","['Will Ferrell', 'Zach Galifianakis', 'Jason Sudeikis', 'Dylan McDermott']"
The War of the Roses,Twentieth Century Fox,,9488794.0,1989-12-08,,116.0,"['Comedy', 'Romance']","[['Domestic', 86888546], ['International', 73300000], ['Worldwide', 160188546]]","['Danny DeVito', 'Warren Adler', 'Michael Leeson', 'James L. Brooks', 'Arnon Milchan', 'David Newman', 'Stephen H. Burum', 'Lynzee Klingman', 'Ida Random']","['Michael Douglas', 'Kathleen Turner', 'Danny DeVito', 'Marianne Sägebrecht']"
The Amityville Horror,American International Pictures (AIP),,7843467.0,1979-07-27,,117.0,['Horror'],"[['Domestic', 86432000], ['International', 86432000]]","['Stuart Rosenberg', 'Sandor Stern', 'Jay Anson', 'George Lutz', 'Kathy Lutz', 'Elliot Geisinger', 'Ronald Saland', 'Lalo Schifrin', 'Fred J. Koenekamp', 'Robert Brown']","['James Brolin', 'Margot Kidder', 'Rod Steiger', 'Don Stroud']"
Presumed Innocent,Warner Bros.,,11718981.0,1990-07-27,,127.0,"['Mystery', 'Thriller']","[['Domestic', 86303188], ['International', 135000000], ['Worldwide', 221303188]]","['Alan J. Pakula', 'Scott Turow', 'Frank Pierson', 'Alan J. Pakula', 'Sydney Pollack', 'Mark Rosenberg', 'John Williams', 'Gordon Willis', 'Evan A. Lottman', 'George Jenkins']","['Harrison Ford', 'Raul Julia', 'Greta Scacchi', 'Brian Dennehy']"
Young Frankenstein,Twentieth Century Fox,2800000.0,,1974-12-15,,106.0,['Comedy'],"[['Domestic', 86273333], ['International', 86273333]]","['Mel Brooks', 'Gene Wilder', 'Mel Brooks', 'Mary Shelley', 'Michael Gruskoff', 'John Morris', 'Gerald Hirschfeld', 'John C. Howard', 'Dale Hennesy']","['Gene Wilder', 'Madeline Kahn', 'Marty Feldman', 'Peter Boyle']"
The Accountant,Warner Bros.,44000000.0,24710273.0,2016-10-13,R,128.0,"['Action', 'Crime', 'Drama', 'Thriller']","[['Domestic', 86260045], ['International', 68900000], ['Worldwide', 155160045]]","[""Gavin O'Connor"", 'Bill Dubuque', 'Lynette Howell Taylor', 'Mark Williams', 'Mark Isham', 'Seamus McGarvey', 'Richard Pearson', 'Keith P. Cunningham']","['Ben Affleck', 'Anna Kendrick', 'J.K. Simmons', 'Jon Bernthal']"
Dumb and Dumber To,Universal Pictures,40000000.0,36111775.0,2014-11-12,PG-13,109.0,['Comedy'],"[['Domestic', 86208010], ['International', 83629000], ['Worldwide', 169837010]]","['Bobby Farrelly', 'Peter Farrelly', 'Sean Anders', 'John Morris', 'Peter Farrelly', 'Bobby Farrelly', 'Bennett Yellin', 'Mike Cerrone', 'Bennett Yellin', 'Peter Farrelly', 'Bobby Farrelly', 'Riza Aziz', 'Bobby Farrelly', 'Peter Farrelly', 'Joey McFarland', 'Bradley Thomas', 'Charles B. Wessler', 'Empire of the Sun', 'Matthew F. Leonetti', 'Steven Rasch', 'Aaron Osborne']","['Jim Carrey', 'Jeff Daniels', 'Rob Riggle', 'Laurie Holden']"
The Emoji Movie,Sony Pictures Entertainment (SPE),50000000.0,24531923.0,2017-07-27,PG,86.0,"['Adventure', 'Animation', 'Comedy', 'Family', 'Fantasy']","[['Domestic', 86089513], ['International', 131687133], ['Worldwide', 217776646]]","['Tony Leondis', 'Tony Leondis', 'Eric Siegel', 'Mike White', 'Tony Leondis', 'Eric Siegel', 'John Hoffman', 'Michelle Raimo', 'Patrick Doyle', 'William J. Caparella', 'Carlos Zaragoza']","['T.J. Miller', 'James Corden', 'Anna Faris', 'Maya Rudolph']"
Mean Girls,Paramount Pictures,17000000.0,24432195.0,2004-04-30,PG-13,97.0,['Comedy'],"[['Domestic', 86058055], ['International', 44068222], ['Worldwide', 130126277]]","['Mark Waters', 'Rosalind Wiseman', 'Tina Fey', 'Lorne Michaels', 'Rolfe Kent', 'Daryn Okada', 'Wendy Greene Bricmont', 'Cary White']","['Lindsay Lohan', 'Jonathan Bennett', 'Rachel McAdams', 'Tina Fey']"
Annie,Sony Pictures Entertainment (SPE),65000000.0,15861939.0,2014-12-17,PG,118.0,"['Comedy', 'Drama', 'Family', 'Musical']","[['Domestic', 85911262], ['International', 50942244], ['Worldwide', 136853506]]","['Will Gluck', 'Will Gluck', 'Aline Brosh McKenna', 'Thomas Meehan', 'Harold Gray', 'Jay Brown', 'Will Gluck', 'Jay-Z', 'James Lassiter', 'Jada Pinkett Smith', 'Caleeb Pinkett', 'Tyran Smith', 'Will Smith', 'Greg Kurstin', 'Michael Grady', 'Tia Nolan', 'Marcia Hinds']","['Quvenzhané Wallis', 'Cameron Diaz', 'Jamie Foxx', 'Rose Byrne']"
Alvin and the Chipmunks: The Road Chip,Twentieth Century Fox,,14287159.0,2015-12-18,PG,92.0,"['Adventure', 'Animation', 'Comedy', 'Family', 'Fantasy', 'Music']","[['Domestic', 85886987], ['International', 148911649], ['Worldwide', 234798636]]","['Walt Becker', 'Ross Bagdasarian', 'Janice Karman', 'Randi Mayem Singer', 'Adam Sztykiel', 'Ross Bagdasarian Jr.', 'Janice Karman', 'Mark Mothersbaugh', 'Peter Lyons Collister', 'Ryan Folsey', 'Richard Holland']","['Jason Lee', 'Justin Long', 'Matthew Gray Gubler', 'Jesse McCartney']"
Spy Kids 2: Island of Lost Dreams,Dimension Films,38000000.0,16711716.0,2002-08-07,PG,100.0,"['Action', 'Adventure', 'Comedy', 'Family', 'Sci-Fi']","[['Domestic', 85846429], ['International', 33876929], ['Worldwide', 119723358]]","['Robert Rodriguez', 'Robert Rodriguez', 'Elizabeth Avellan', 'Robert Rodriguez', 'John Debney', 'Robert Rodriguez', 'Robert Rodriguez', 'Robert Rodriguez', 'Robert Rodriguez']","['Alexa PenaVega', 'Daryl Sabara', 'Antonio Banderas', 'Carla Gugino']"
Alita: Battle Angel,Twentieth Century Fox,170000000.0,28525613.0,2019-02-05,PG-13,122.0,"['Action', 'Adventure', 'Sci-Fi', 'Thriller']","[['Domestic', 85838210], ['International', 319142333], ['Worldwide', 404980543]]","['Robert Rodriguez', 'James Cameron', 'Laeta Kalogridis', 'Yukito Kishiro', 'James Cameron', 'Jon Landau', 'Junkie XL', 'Bill Pope', 'Stephen E. Rivkin', 'Ian Silverstein', 'Caylah Eddleblute', 'Steve Joyner']","['Rosa Salazar', 'Christoph Waltz', 'Jennifer Connelly', 'Mahershala Ali']"
Fury,Sony Pictures Entertainment (SPE),68000000.0,23702421.0,2014-10-17,R,134.0,"['Action', 'Drama', 'War']","[['Domestic', 85817906], ['International', 126004791], ['Worldwide', 211822697]]","['David Ayer', 'David Ayer', 'David Ayer', 'Bill Block', 'John Lesher', 'Ethan Smith', 'Steven Price', 'Roman Vasyanov', 'Jay Cassidy', 'Dody Dorn', 'Andrew Menzies']","['Brad Pitt', 'Shia LaBeouf', 'Logan Lerman', 'Michael Peña']"
Pokémon: The First Movie,Warner Bros.,30000000.0,31036678.0,1999-11-10,,96.0,"['Action', 'Adventure', 'Animation', 'Family', 'Fantasy', 'Sci-Fi', 'Sport']","[['Domestic', 85744662], ['International', 77900000], ['Worldwide', 163644662]]","['Kunihiko Yuyama', 'Michael Haigney', 'Satoshi Tajiri', 'Takeshi Shudo', 'Norman J. Grossfeld', 'Michael Haigney', 'John Touhey', 'Takeshi Shudo', 'Norman J. Grossfeld', 'Tomoyuki Igarashi', 'Takemoto Mori', 'Choji Yoshikawa', 'John Loeffler', 'Shinji Miyazaki', 'Ralph Schuckett', 'Wayne Sharpe', 'Hirokazu Tanaka', 'Hisao Shirai', 'Toshio Henmi', 'Yutaka Itô', 'John Loeffler']","['Veronica Taylor', 'Rachael Lillis', 'Eric Stuart', 'Jay Goede']"
Real Steel,Walt Disney Studios Motion Pictures,,27319677.0,2011-10-05,PG-13,127.0,"['Action', 'Drama', 'Sci-Fi', 'Sport']","[['Domestic', 85468508], ['International', 213800000], ['Worldwide', 299268508]]","['Shawn Levy', 'John Gatins', 'Dan Gilroy', 'Jeremy Leven', 'Richard Matheson', 'Shawn Levy', 'Susan Montford', 'Don Murphy', 'Danny Elfman', 'Mauro Fiore', 'Dean Zimmerman', 'Tom Meyer']","['Hugh Jackman', 'Evangeline Lilly', 'Dakota Goyo', 'Anthony Mackie']"
The SpongeBob SquarePants Movie,Paramount Pictures,30000000.0,32018216.0,2004-11-19,PG,87.0,"['Action', 'Adventure', 'Animation', 'Comedy', 'Family', 'Fantasy']","[['Domestic', 85417988], ['International', 55649139], ['Worldwide', 141067127]]","['Stephen Hillenburg', 'Mark Osborne', 'Derek Drymon', 'Stephen Hillenburg', 'Tim Hill', 'Stephen Hillenburg', 'Kent Osborne', 'Aaron Springer', 'Paul Tibbitt', 'Stephen Hillenburg', 'Albie Hecht', 'Stephen Hillenburg', 'Julia Pistor', 'Steve Belfer', 'Gregor Narholz', 'Jerzy Zielinski', 'Lynn Hobson', 'Nick Jennings', 'Chris L. Spellman']","['Tom Kenny', 'Jeffrey Tambor', 'Rodger Bumpass', 'Carolyn Lawrence']"
Power Rangers,Lionsgate,100000000.0,40300288.0,2017-03-22,PG-13,124.0,"['Action', 'Adventure', 'Sci-Fi']","[['Domestic', 85364450], ['International', 56972790], ['Worldwide', 142337240]]","['Dean Israelite', 'John Gatins', 'Matt Sazama', 'Burk Sharpless', 'Michele Mulroney', 'Kieran Mulroney', 'Haim Saban', 'Saburo Yatsude', 'Shotaro Ishinomori', 'Shuki Levy', 'Marty Bowen', 'Brian Casentini', 'Wyck Godfrey', 'Haim Saban', 'Brian Tyler', 'Matthew J. Lloyd', 'Martin Bernfeld', 'Dody Dorn', 'Andrew Menzies']","['Dacre Montgomery', 'Naomi Scott', 'RJ Cyler', 'Ludi Lin']"
Brother Bear,Walt Disney Studios Motion Pictures,,291940.0,2003-10-24,,85.0,"['Adventure', 'Animation', 'Comedy', 'Family', 'Fantasy']","[['Domestic', 85336277], ['International', 165061521], ['Worldwide', 250397798]]","['Aaron Blaise', 'Robert Walker', 'Tab Murphy', 'Lorne Cameron', 'David Hoselton', 'Steve Bencich', 'Ron J. Friedman', 'Stephen J. Anderson', 'Stevie Wermers', 'Kevin Deters', 'Woody Woodman', 'Thom Enriquez', 'Kevin Harkey', 'Broose Johnson', 'John Norton', 'John Puglisi', 'Tim Hodge', 'Tom LaBaff', 'Ray Shenusay', 'Brian Pimental', 'Jim Story', 'Don Dougherty', 'Don Hall', 'Samuel Levine', 'Aurian Redson', 'Chris Williams', 'Jeff Hand', 'Sam Levine', 'Roger Allers', 'Chuck Williams', 'Phil Collins', 'Mark Mancina', 'Tim Mertens']","['Joaquin Phoenix', 'Jeremy Suarez', 'Rick Moranis', 'Jason Raize']"
Stripes,Columbia Pictures,,6130197.0,1981-06-26,R,106.0,"['Comedy', 'War']","[['Domestic', 85297000], ['International', 85297000]]","['Ivan Reitman', 'Len Blum', 'Daniel Goldberg', 'Harold Ramis', 'Daniel Goldberg', 'Ivan Reitman', 'Elmer Bernstein', 'Bill Butler', 'Harry Keller', 'Michael Luciano', 'Eva Ruggiero', 'James H. Spencer']","['Bill Murray', 'John Candy', 'Harold Ramis', 'Warren Oates']"
Anchorman: The Legend of Ron Burgundy,DreamWorks Distribution,26000000.0,28416365.0,2004-07-09,PG-13,94.0,['Comedy'],"[['Domestic', 85288303], ['International', 5361427], ['Worldwide', 90649730]]","['Adam McKay', 'Will Ferrell', 'Adam McKay', 'Judd Apatow', 'Alex Wurman', 'Thomas E. Ackerman', 'Brent White', 'Clayton Hartley']","['Will Ferrell', 'Christina Applegate', 'Steve Carell', 'Paul Rudd']"
Every Which Way but Loose,Warner Bros.,,10272294.0,1978-12-20,,114.0,"['Action', 'Comedy']","[['Domestic', 85196485], ['International', 85196485]]","['James Fargo', 'Jeremy Joe Kronsberg', 'Robert Daley', 'Rexford L. Metz', 'Joel Cox', 'Ferris Webster']","['Clint Eastwood', 'Sondra Locke', 'Geoffrey Lewis', ""Beverly D'Angelo""]"
Rocky II,United Artists,,6390537.0,1979-06-15,,119.0,"['Drama', 'Sport']","[['Domestic', 85182160], ['International', 5695], ['Worldwide', 85187855]]","['Sylvester Stallone', 'Sylvester Stallone', 'Robert Chartoff', 'Irwin Winkler', 'Bill Conti', 'Bill Butler', 'Stanford C. Allen']","['Sylvester Stallone', 'Talia Shire', 'Burt Young', 'Carl Weathers']"
Aliens,Twentieth Century Fox,,10052042.0,1986-07-18,R,137.0,"['Action', 'Adventure', 'Sci-Fi', 'Thriller']","[['Domestic', 85160248], ['International', 45900000], ['Worldwide', 131060248]]","['James Cameron', 'James Cameron', 'David Giler', 'Walter Hill', ""Dan O'Bannon"", 'Ronald Shusett', 'James Cameron', 'Gale Anne Hurd', 'James Horner', 'Adrian Biddle', 'Ray Lovejoy', 'Peter Lamont']","['Sigourney Weaver', 'Michael Biehn', 'Carrie Henn', 'Paul Reiser']"
Open Season,Sony Pictures Entertainment (SPE),85000000.0,23624548.0,2006-09-29,PG,86.0,"['Adventure', 'Animation', 'Comedy', 'Family', 'Fantasy']","[['Domestic', 85105259], ['International', 115706430], ['Worldwide', 200811689]]","['Roger Allers', 'Jill Culton', 'Anthony Stacchi', 'Steve Bencich', 'Ron J. Friedman', 'Nat Mauldin', 'Jill Culton', 'Anthony Stacchi', 'Steve Moore', 'John B. Carls', 'Sam Harper', 'Dan Wilson', 'David Gilbreth', 'Michelle Murdocca', 'Ramin Djawadi', 'Paul Westerberg', 'Ken Solomon', 'Pam Ziegenhagen', 'Michael Humphries']","['Ashton Kutcher', 'Martin Lawrence', 'Debra Messing', 'Gary Sinise']"
Green Book,Universal Pictures,23000000.0,320429.0,2018-11-16,PG-13,130.0,"['Biography', 'Comedy', 'Drama', 'Music']","[['Domestic', 85080171], ['International', 236672485], ['Worldwide', 321752656]]","['Peter Farrelly', 'Nick Vallelonga', 'Brian Hayes Currie', 'Peter Farrelly', 'Jim Burke', 'Brian Hayes Currie', 'Peter Farrelly', 'Nick Vallelonga', 'Charles B. Wessler', 'Kris Bowers', 'Sean Porter', 'Patrick J. Don Vito', 'Tim Galvin']","['Viggo Mortensen', 'Mahershala Ali', 'Linda Cardellini', 'Sebastian Maniscalco']"
The Expendables 2,Lionsgate,100000000.0,28591370.0,2012-08-15,R,103.0,"['Action', 'Adventure', 'Thriller']","[['Domestic', 85028192], ['International', 229947763], ['Worldwide', 314975955]]","['Simon West', 'Richard Wenk', 'Sylvester Stallone', 'Ken Kaufman', 'David Agosto', 'Richard Wenk', 'Dave Callaham', 'Avi Lerner', 'Danny Lerner', 'Miguel Menéndez de Zubillaga', 'Kevin King Templeton', 'Les Weldon', 'Brian Tyler', 'Shelly Johnson', 'Todd E. Miller', 'Paul Cross']","['Sylvester Stallone', 'Liam Hemsworth', 'Randy Couture', 'Jean-Claude Van Damme']"
Dangerous Minds,Walt Disney Studios Motion Pictures,,14931503.0,1995-08-11,R,99.0,"['Biography', 'Drama']","[['Domestic', 84919401], ['International', 94600000], ['Worldwide', 179519401]]","['John N. Smith', 'LouAnne Johnson', 'Ronald Bass', 'Jerry Bruckheimer', 'Don Simpson', 'Lisa Coleman', 'Wendy Melvoin', 'Pierre Letarte', 'Tom Rolf', 'Donald Graham Burt']","['Michelle Pfeiffer', 'George Dzundza', 'Courtney B. Vance', 'Robin Bartlett']"
Paranormal Activity 2,Paramount Pictures,3000000.0,40678424.0,2010-10-20,R,91.0,"['Horror', 'Mystery']","[['Domestic', 84752907], ['International', 92759125], ['Worldwide', 177512032]]","['Tod Williams', 'Michael R. Perry', 'Christopher Landon', 'Tom Pabst', 'Michael R. Perry', 'Oren Peli', 'Jason Blum', 'Oren Peli', 'Michael Simmonds', 'Gregory Plotkin', 'Jennifer Spence']","['Katie Featherston', 'Micah Sloat', 'Molly Ephraim', 'David Bierend']"
Steel Magnolias,TriStar Pictures,,5425440.0,1989-11-17,,117.0,"['Comedy', 'Drama', 'Romance']","[['Domestic', 84614512], ['International', 12145000], ['Worldwide', 95904091]]","['Herbert Ross', 'Robert Harling', 'Robert Harling', 'Ray Stark', 'Georges Delerue', 'John A. Alonzo', 'Paul Hirsch', 'Gene Callahan', 'Edward Pisoni']","['Shirley MacLaine', 'Olympia Dukakis', 'Sally Field', 'Julia Roberts']"
The Poseidon Adventure,Twentieth Century Fox,,264850.0,1972-12-13,,117.0,"['Action', 'Adventure', 'Drama', 'Thriller']","[['Domestic', 84563118], ['International', 84563118]]","['Ronald Neame', 'Paul Gallico', 'Stirling Silliphant', 'Wendell Mayes', 'Irwin Allen', 'John Williams', 'Harold E. Stine', 'Harold F. Kress', 'William J. Creber']","['Gene Hackman', 'Ernest Borgnine', 'Shelley Winters', 'Red Buttons']"
Tammy,Warner Bros.,20000000.0,21577049.0,2014-07-02,R,97.0,"['Comedy', 'Romance']","[['Domestic', 84525432], ['International', 15850000], ['Worldwide', 100375432]]","['Ben Falcone', 'Melissa McCarthy', 'Ben Falcone', 'Will Ferrell', 'Melissa McCarthy', 'Adam McKay', 'Michael Andrews', 'Russ T. Alsobrook', 'Michael L. Sale', 'Jefferson Sage']","['Melissa McCarthy', 'Susan Sarandon', 'Kathy Bates', 'Allison Janney']"
The Santa Clause 3: The Escape Clause,Walt Disney Studios Motion Pictures,,19504038.0,2006-11-02,G,97.0,"['Adventure', 'Comedy', 'Family', 'Fantasy']","[['Domestic', 84500122], ['International', 26268000], ['Worldwide', 110768122]]","['Michael Lembeck', 'Ed Decter', 'John J. Strauss', 'Leo Benvenuti', 'Steve Rudnick', 'Robert F. Newmyer', 'Brian Reilly', 'Jeffrey Silver', 'George S. Clinton', 'Robbie Greenberg', 'David Finfer', 'Richard Holland']","['Tim Allen', 'Martin Short', 'Elizabeth Mitchell', 'Eric Lloyd']"
Ferdinand,Twentieth Century Fox,111000000.0,13401586.0,2017-12-13,PG,108.0,"['Adventure', 'Animation', 'Comedy', 'Family', 'Fantasy']","[['Domestic', 84410380], ['International', 211658819], ['Worldwide', 296069199]]","['Carlos Saldanha', 'Robert L. Baird', 'Tim Federle', 'Brad Copeland', 'Ron Burch', 'David Kidd', 'Don Rhymer', 'Munro Leaf', 'Robert Lawson', 'Bruce Anderson', 'John Davis', 'Lori Forte', 'Lisa Marie Stetler', 'John Powell', 'Renato Falcão', 'Harry Hitner']","['John Cena', 'Kate McKinnon', 'Bobby Cannavale', 'Jack Gore']"
"Crazy, Stupid, Love.",Warner Bros.,50000000.0,19104303.0,2011-07-28,PG-13,118.0,"['Comedy', 'Drama', 'Romance']","[['Domestic', 84351197], ['International', 60700000], ['Worldwide', 145051197]]","['Glenn Ficarra', 'John Requa', 'Dan Fogelman', 'Steve Carell', 'Denise Di Novi', 'Christophe Beck', 'Nick Urata', 'Andrew Dunn', 'Lee Haxall', 'William Arnold']","['Steve Carell', 'Ryan Gosling', 'Julianne Moore', 'Emma Stone']"
Annabelle,Warner Bros.,6500000.0,37134255.0,2014-09-23,R,99.0,"['Horror', 'Mystery', 'Thriller']","[['Domestic', 84273813], ['International', 173305469], ['Worldwide', 257579282]]","['John R. Leonetti', 'Gary Dauberman', 'Peter Safran', 'James Wan', 'Joseph Bishara', 'James Kniest', 'Tom Elkins', 'Bob Ziembicki']","['Ward Horton', 'Annabelle Wallis', 'Alfre Woodard', 'Tony Amendola']"
Pinocchio,Walt Disney Studios Motion Pictures,,,1940-02-09,G,88.0,"['Animation', 'Comedy', 'Family', 'Fantasy', 'Musical']","[['Domestic', 84254167], ['International', 37637878], ['Worldwide', 121892045]]","['Norman Ferguson', 'T. Hee', 'Wilfred Jackson', 'Jack Kinney', 'Hamilton Luske', 'Bill Roberts', 'Ben Sharpsteen', 'Carlo Collodi', 'Ted Sears', 'Otto Englander', 'Webb Smith', 'William Cottrell', 'Joseph Sabo', 'Erdman Penner', 'Aurelius Battaglia', 'Bill Peet', 'Frank Tashlin', 'Leigh Harline', 'Paul J. Smith']","['Dickie Jones', 'Christian Rub', 'Mel Blanc', 'Don Brodie']"
Scooby,Warner Bros.,,29438331.0,2004-03-26,PG,93.0,"['Adventure', 'Comedy', 'Family', 'Fantasy', 'Horror', 'Mystery', 'Sci-Fi']","[['Domestic', 84216833], ['International', 97000000], ['Worldwide', 181216833]]","['Raja Gosnell', 'William Hanna', 'Joseph Barbera', 'James Gunn', 'Charles Roven', 'Richard Suckle', 'David Newman', 'Oliver Wood', 'Kent Beyda', 'Bill Boes']","['Freddie Prinze Jr.', 'Sarah Michelle Gellar', 'Matthew Lillard', 'Linda Cardellini']"
Birds of Prey,Warner Bros.,84500000.0,33010017.0,2020-02-05,R,109.0,"['Action', 'Adventure', 'Comedy', 'Crime']","[['Domestic', 84158461], ['International', 117700000], ['Worldwide', 201858461]]","['Cathy Yan', 'Christina Hodson', 'Paul Dini', 'Bruce Timm', 'Sue Kroll', 'Margot Robbie', 'Bryan Unkeless', 'Daniel Pemberton', 'Matthew Libatique', 'Jay Cassidy', 'Evan Schiff', 'K.K. Barrett']","['Margot Robbie', 'Rosie Perez', 'Mary Elizabeth Winstead', 'Jurnee Smollett']"
Atlantis: The Lost Empire,Walt Disney Studios Motion Pictures,120000000.0,329011.0,2001-06-08,PG,95.0,"['Action', 'Adventure', 'Animation', 'Family', 'Fantasy', 'Sci-Fi']","[['Domestic', 84056472], ['International', 101997253], ['Worldwide', 186053725]]","['Gary Trousdale', 'Kirk Wise', 'Tab Murphy', 'Kirk Wise', 'Gary Trousdale', 'Joss Whedon', 'Bryce Zabel', 'Jackie Zabel', 'Tab Murphy', 'David Reynolds', 'Plato', 'Don Hahn', 'James Newton Howard', 'Ellen Keneshea', 'Matt Codd', 'Ricardo F. Delgado', 'Jim Martin', 'Mike Mignola']","['Michael J. Fox', 'Jim Varney', 'Corey Burton', 'Claudia Christian']"
Cliffhanger,TriStar Pictures,70000000.0,16176967.0,1993-05-28,R,113.0,"['Action', 'Adventure', 'Thriller']","[['Domestic', 84049211], ['International', 170951000], ['Worldwide', 255000211]]","['Renny Harlin', 'John Long', 'Michael France', 'Michael France', 'Sylvester Stallone', 'Renny Harlin', 'Alan Marshall', 'Trevor Jones', 'Alex Thomson', 'Frank J. Urioste', 'John Vallone']","['Sylvester Stallone', 'John Lithgow', 'Michael Rooker', 'Janine Turner']"
The Other Woman,Twentieth Century Fox,40000000.0,24763752.0,2014-04-17,PG-13,109.0,"['Comedy', 'Romance']","[['Domestic', 83911193], ['International', 112799203], ['Worldwide', 196710396]]","['Nick Cassavetes', 'Melissa K. Stack', 'Julie Yorn', 'Aaron Zigman', 'Robert Fraisse', 'Jim Flynn', 'Alan Heim', 'Dan Davis']","['Cameron Diaz', 'Leslie Mann', 'Kate Upton', 'Nikolaj Coster-Waldau']"
The X Files,Twentieth Century Fox,,30138758.0,1998-06-19,PG-13,121.0,"['Drama', 'Mystery', 'Sci-Fi', 'Thriller']","[['Domestic', 83898313], ['International', 105278110], ['Worldwide', 189176423]]","['Rob Bowman', 'Chris Carter', 'Frank Spotnitz', 'Chris Carter', 'Chris Carter', 'Daniel Sackheim', 'Mark Snow', 'Ward Russell', 'Stephen Mark', 'Christopher Nowak']","['David Duchovny', 'Gillian Anderson', 'John Neville', 'William B. Davis']"
Penguins of Madagascar,Twentieth Century Fox,132000000.0,25447444.0,2014-11-14,PG,92.0,"['Adventure', 'Animation', 'Comedy', 'Family', 'Sci-Fi']","[['Domestic', 83850911], ['International', 289664710], ['Worldwide', 373515621]]","['Eric Darnell', 'Simon J. Smith', 'Michael Colton', 'John Aboud', 'Brandon Sawyer', 'Alan Schoolcraft', 'Brent Simons', 'Michael Colton', 'John Aboud', 'Lara Breay', 'Mark Swift', 'Lorne Balfe', 'Nick Kenway', 'Shannon Jeffries']","['Tom McGrath', 'Chris Miller', 'Christopher Knights', 'Conrad Vernon']"
Die Hard,Twentieth Century Fox,28000000.0,601851.0,1988-07-15,,132.0,"['Action', 'Thriller']","[['Domestic', 83844093], ['International', 57759104], ['Worldwide', 141603197]]","['John McTiernan', 'Roderick Thorp', 'Jeb Stuart', 'Steven E. de Souza', 'Lawrence Gordon', 'Joel Silver', 'Michael Kamen', 'Jan de Bont', 'John F. Link', 'Frank J. Urioste', 'Jackson De Govia']","['Bruce Willis', 'Alan Rickman', 'Bonnie Bedelia', 'Reginald VelJohnson']"
Up in the Air,Paramount Pictures,25000000.0,1181450.0,2009-12-04,R,109.0,"['Comedy', 'Drama', 'Romance']","[['Domestic', 83823381], ['International', 83019358], ['Worldwide', 166842739]]","['Jason Reitman', 'Walter Kirn', 'Jason Reitman', 'Sheldon Turner', 'Jeffrey Clifford', 'Daniel Dubiecki', 'Ivan Reitman', 'Jason Reitman', 'Rolfe Kent', 'Eric Steelberg', 'Dana E. Glauberman', 'Steve Saklad']","['George Clooney', 'Vera Farmiga', 'Anna Kendrick', 'Jason Bateman']"
Wrath of the Titans,Warner Bros.,150000000.0,33457188.0,2012-03-28,PG-13,99.0,"['Action', 'Adventure', 'Fantasy']","[['Domestic', 83670083], ['International', 218300000], ['Worldwide', 301970083]]","['Jonathan Liebesman', 'Dan Mazeau', 'David Leslie Johnson-McGoldrick', 'Greg Berlanti', 'David Leslie Johnson-McGoldrick', 'Dan Mazeau', 'Beverley Cross', 'Basil Iwanyk', 'Polly Johnsen', 'Javier Navarrete', 'Ben Davis', 'Martin Walsh', 'Charles Wood']","['Sam Worthington', 'Liam Neeson', 'Rosamund Pike', 'Ralph Fiennes']"
Insidious: Chapter 2,FilmDistrict,5000000.0,40272103.0,2013-09-13,PG-13,106.0,"['Horror', 'Mystery', 'Thriller']","[['Domestic', 83586447], ['International', 78332871], ['Worldwide', 161919318]]","['James Wan', 'Leigh Whannell', 'James Wan', 'Leigh Whannell', 'Leigh Whannell', 'Jason Blum', 'Oren Peli', 'Joseph Bishara', 'John R. Leonetti', 'Kirk M. Morri', 'Jennifer Spence']","['Patrick Wilson', 'Rose Byrne', 'Barbara Hershey', 'Lin Shaye']"
Under Siege,Warner Bros.,,15760003.0,1992-10-09,R,103.0,"['Action', 'Thriller']","[['Domestic', 83563139], ['International', 73000000], ['Worldwide', 156563139]]","['Andrew Davis', 'J.F. Lawton', 'Arnon Milchan', 'Steven Reuther', 'Steven Seagal', 'Gary Chang', 'Frank Tidy', 'Don Brochu', 'Robert A. Ferretti', 'Dov Hoenig', 'Dennis Virkler', 'Bill Kenney']","['Steven Seagal', 'Gary Busey', 'Tommy Lee Jones', 'Erika Eleniak']"
Battle Los Angeles,Sony Pictures Entertainment (SPE),70000000.0,35573187.0,2011-03-09,PG-13,116.0,"['Action', 'Sci-Fi']","[['Domestic', 83552429], ['International', 128266925], ['Worldwide', 211819354]]","['Jonathan Liebesman', 'Christopher Bertolini', 'Ori Marmur', 'Neal H. Moritz', 'Brian Tyler', 'Lukas Ettlin', 'Christian Wagner', 'Peter Wenham']","['Aaron Eckhart', 'Michelle Rodriguez', 'Bridget Moynahan', 'Ramon Rodriguez']"
Immortals,Relativity Media,75000000.0,32206425.0,2011-11-10,R,110.0,"['Action', 'Drama', 'Fantasy', 'Romance']","[['Domestic', 83504017], ['International', 143400000], ['Worldwide', 226904017]]","['Tarsem Singh', 'Charley Parlapanides', 'Vlas Parlapanides', 'Mark Canton', 'Ryan Kavanaugh', 'Gianni Nunnari', 'Trevor Morris', 'Brendan Galvin', 'Wyatt Jones', 'Stuart Levy', 'David Rosenbloom', 'Tom Foden']","['Henry Cavill', 'Mickey Rourke', 'John Hurt', 'Stephen Dorff']"
I Can Only Imagine,Roadside Attractions,7000000.0,17108914.0,2018-03-15,PG,110.0,"['Biography', 'Drama', 'Family', 'Music']","[['Domestic', 83482352], ['International', 2604529], ['Worldwide', 86086881]]","['Andrew Erwin', 'Jon Erwin', 'Bart Millard', 'Jon Erwin', 'Brent McCorkle', 'Alex Cramer', 'Jon Erwin', 'Brent McCorkle', 'Cindy Bond', 'Kevin Downes', 'Daryl C. Lefever', 'Mickey Liddell', 'Pete Shilaimon', 'Brent McCorkle', 'Kristopher Kimlin', 'Andrew Erwin', 'Brent McCorkle', 'Joseph T. Garrity']","['J. Michael Finley', 'Madeline Carroll', 'Dennis Quaid', 'Trace Adkins']"
Apocalypse Now,Metro-Goldwyn-Mayer (MGM),,118558.0,1979-08-15,R,147.0,"['Drama', 'Mystery', 'War']","[['Domestic', 83471511], ['International', 8653727], ['Worldwide', 92125238]]","['Francis Ford Coppola', 'John Milius', 'Francis Ford Coppola', 'Michael Herr', 'Joseph Conrad', 'Kim Aubry', 'Francis Ford Coppola', 'Carmine Coppola', 'Francis Ford Coppola', 'Vittorio Storaro', 'Lisa Fruchtman', 'Gerald B. Greenberg', 'Walter Murch', 'Dean Tavoularis']","['Martin Sheen', 'Marlon Brando', 'Robert Duvall', 'Frederic Forrest']"
Airplane!,Paramount Pictures,3500000.0,,1980-06-27,,88.0,['Comedy'],"[['Domestic', 83453539], ['International', 83453539]]","['Jim Abrahams', 'David Zucker', 'Jerry Zucker', 'Jim Abrahams', 'David Zucker', 'Jerry Zucker', 'Hall Bartlett', 'John C. Champion', 'Arthur Hailey', 'Arthur Hailey', 'Jon Davison', 'Elmer Bernstein', 'Joseph F. Biroc', 'Patrick Kennedy', 'Ward Preston']","['Robert Hays', 'Julie Hagerty', 'Leslie Nielsen', 'Kareem Abdul-Jabbar']"
Patriot Games,Paramount Pictures,45000000.0,18511191.0,1992-06-05,R,117.0,"['Action', 'Thriller']","[['Domestic', 83351587], ['International', 94700000], ['Worldwide', 178051587]]","['Phillip Noyce', 'Tom Clancy', 'W. Peter Iliff', 'Donald E. Stewart', 'Mace Neufeld', 'Robert Rehme', 'James Horner', 'Donald McAlpine', 'William Hoy', 'Neil Travis', 'Joseph C. Nemec III']","['Harrison Ford', 'Sean Bean', 'Anne Archer', 'Patrick Bergin']"
Saving Mr. Banks,Walt Disney Studios Motion Pictures,35000000.0,413373.0,2013-11-29,PG-13,125.0,"['Biography', 'Comedy', 'Drama']","[['Domestic', 83301580], ['International', 34566404], ['Worldwide', 117867984]]","['John Lee Hancock', 'Kelly Marcel', 'Sue Smith', 'Ian Collie', 'Alison Owen', 'Philip Steuer', 'Thomas Newman', 'John Schwartzman', 'Mark Livolsi', 'Michael Corenblith']","['Emma Thompson', 'Tom Hanks', 'Annie Rose Buckley', 'Colin Farrell']"
Smallfoot,Warner Bros.,,23045635.0,2018-09-20,PG,96.0,"['Adventure', 'Animation', 'Comedy', 'Family', 'Fantasy', 'Musical']","[['Domestic', 83240103], ['International', 130800000], ['Worldwide', 214040103]]","['Karey Kirkpatrick', 'Jason Reisig', 'Karey Kirkpatrick', 'Clare Sera', 'John Requa', 'Glenn Ficarra', 'Karey Kirkpatrick', 'Sergio Pablos', 'Eyal Podell', 'Jonathon E. Stewart', 'Chris Poche', 'Glenn Ficarra', 'Bonne Radford', 'John Requa', 'Heitor Pereira', 'Peter Ettinger', 'Ronald A. Kurniawan']","['Channing Tatum', 'James Corden', 'Zendaya', 'Common']"
Good Boys,Universal Pictures,20000000.0,21402605.0,2019-08-14,R,90.0,"['Adventure', 'Comedy']","[['Domestic', 83140306], ['International', 27896926], ['Worldwide', 111037232]]","['Gene Stupnitsky', 'Lee Eisenberg', 'Gene Stupnitsky', 'Lee Eisenberg', 'Evan Goldberg', 'Seth Rogen', 'James Weaver', 'Lyle Workman', 'Jonathan Furmanski', 'Daniel Gabbe', 'Jeremy Stanbridge']","['Jacob Tremblay', 'Keith L. Williams', 'Brady Noon', 'Molly Gordon']"
Valkyrie,United Artists,75000000.0,21027007.0,2008-12-25,PG-13,121.0,"['Drama', 'History', 'Thriller', 'War']","[['Domestic', 83077833], ['International', 118467684], ['Worldwide', 201545517]]","['Bryan Singer', 'Christopher McQuarrie', 'Nathan Alexander', 'Gilbert Adler', 'Christopher McQuarrie', 'Bryan Singer', 'John Ottman', 'Newton Thomas Sigel', 'John Ottman', 'Lilly Kilvert', 'Patrick Lumb']","['Tom Cruise', 'Bill Nighy', 'Carice van Houten', 'Kenneth Branagh']"
Brokeback Mountain,Focus Features,14000000.0,547425.0,2005-12-09,R,134.0,"['Drama', 'Romance']","[['Domestic', 83043761], ['International', 95018998], ['Worldwide', 178062759]]","['Ang Lee', 'Annie Proulx', 'Larry McMurtry', 'Diana Ossana', 'Diana Ossana', 'James Schamus', 'Gustavo Santaolalla', 'Rodrigo Prieto', 'Geraldine Peroni', 'Dylan Tichenor', 'Judy Becker']","['Jake Gyllenhaal', 'Heath Ledger', 'Michelle Williams', 'Randy Quaid']"
Turbo,Twentieth Century Fox,135000000.0,21312625.0,2013-07-10,PG,96.0,"['Adventure', 'Animation', 'Comedy', 'Family', 'Sci-Fi', 'Sport']","[['Domestic', 83028128], ['International', 199542554], ['Worldwide', 282570682]]","['David Soren', 'Darren Lemke', 'Robert Siegel', 'David Soren', 'David Soren', 'Lisa Stewart', 'Henry Jackman', 'Chris Stover', 'James Ryan', 'Michael Isaak']","['Ryan Reynolds', 'Paul Giamatti', 'Maya Rudolph', 'Samuel L. Jackson']"
Disclosure,Warner Bros.,55000000.0,10068126.0,1994-12-09,R,128.0,"['Drama', 'Thriller']","[['Domestic', 83015089], ['International', 131000000], ['Worldwide', 214015089]]","['Barry Levinson', 'Michael Crichton', 'Paul Attanasio', 'Michael Crichton', 'Barry Levinson', 'Ennio Morricone', 'Tony Pierce-Roberts', 'Stu Linder', 'Neil Spisak']","['Michael Douglas', 'Demi Moore', 'Donald Sutherland', 'Caroline Goodall']"
Charlotte's Web,Paramount Pictures,85000000.0,11457353.0,2006-12-07,G,97.0,"['Adventure', 'Comedy', 'Family', 'Fantasy']","[['Domestic', 82985708], ['International', 65978114], ['Worldwide', 148963822]]","['Gary Winick', 'Susannah Grant', 'Karey Kirkpatrick', 'Earl Hamner Jr.', 'E.B. White', 'Jordan Kerner', 'Danny Elfman', 'Seamus McGarvey', 'Susan Littenberg', 'Sabrina Plisco', 'Stuart Wurtzel']","['Dakota Fanning', 'Julia Roberts', 'Oprah Winfrey', 'Steve Buscemi']"
Monster,New Line Cinema,43000000.0,24000000.0,2005-05-13,PG-13,101.0,"['Comedy', 'Romance']","[['Domestic', 82931301], ['International', 72526026], ['Worldwide', 155457327]]","['Robert Luketic', 'Anya Kochoff', 'Chris Bender', 'J.C. Spink', 'Paula Weinstein', 'David Newman', 'Rosey', 'Russell Carpenter', 'Scott Hill', 'Kevin Tent', 'Missy Stewart']","['Jennifer Lopez', 'Michael Vartan', 'Jane Fonda', 'Wanda Sykes']"
Are We There Yet?,Revolution Studios,32000000.0,18575214.0,2005-01-21,PG,95.0,"['Adventure', 'Comedy', 'Family', 'Fantasy', 'Romance']","[['Domestic', 82674398], ['International', 15244265], ['Worldwide', 97918663]]","['Brian Levant', 'Steven Gary Banks', 'Claudia Grazioso', 'Steven Gary Banks', 'Claudia Grazioso', 'J. David Stem', 'David N. Weiss', 'Matt Alvarez', 'Ice Cube', 'Dan Kolsrud', 'David Newman', 'Thomas E. Ackerman', 'Lawrence Jordan', 'Stephen J. Lineweaver']","['Ice Cube', 'Nia Long', 'Aleisha Allen', 'Philip Bolden']"
Days of Thunder,Paramount Pictures,,15490445.0,1990-06-29,,107.0,"['Action', 'Drama', 'Sport']","[['Domestic', 82670733], ['International', 75250000], ['Worldwide', 157920733]]","['Tony Scott', 'Robert Towne', 'Tom Cruise', 'Robert Towne', 'Jerry Bruckheimer', 'Don Simpson', 'Hans Zimmer', 'Ward Russell', 'Robert C. Jones', 'Chris Lebenzon', 'Bert Lovitt', 'Michael Tronick', 'Stuart Waks', 'Billy Weber']","['Tom Cruise', 'Nicole Kidman', 'Robert Duvall', 'Randy Quaid']"
Freddy vs. Jason,New Line Cinema,30000000.0,36400000.0,2003-08-14,R,97.0,"['Action', 'Horror']","[['Domestic', 82622655], ['International', 34009973], ['Worldwide', 116632628]]","['Ronny Yu', 'Wes Craven', 'Victor Miller', 'Damian Shannon', 'Mark Swift', 'Sean S. Cunningham', 'Graeme Revell', 'Fred Murphy', 'Mark Stevens', 'John Willett']","['Robert Englund', 'Ken Kirzinger', 'Kelly Rowland', 'Monica Keena']"
Star Trek: The Motion Picture,Paramount Pictures,35000000.0,11926421.0,1979-12-07,G,132.0,"['Adventure', 'Mystery', 'Sci-Fi']","[['Domestic', 82604699], ['International', 82604699]]","['Robert Wise', 'Gene Roddenberry', 'Harold Livingston', 'Alan Dean Foster', 'David C. Fein', 'Gene Roddenberry', 'Jerry Goldsmith', 'Richard H. Kline', 'Todd C. Ramsay', 'Harold Michelson']","['William Shatner', 'Leonard Nimoy', 'DeForest Kelley', 'James Doohan']"
The Descendants,Fox Searchlight Pictures,,1190096.0,2011-11-16,R,115.0,"['Comedy', 'Drama']","[['Domestic', 82584160], ['International', 94659025], ['Worldwide', 177243185]]","['Alexander Payne', 'Alexander Payne', 'Nat Faxon', 'Jim Rash', 'Kaui Hart Hemmings', 'Jim Burke', 'Alexander Payne', 'Jim Taylor', 'Jeff Peterson', 'Phedon Papamichael', 'Kevin Tent', 'Jane Ann Stewart']","['George Clooney', 'Shailene Woodley', 'Amara Miller', 'Nick Krause']"
Cheaper by the Dozen 2,Twentieth Century Fox,,9309387.0,2005-12-21,PG,94.0,"['Adventure', 'Comedy', 'Family']","[['Domestic', 82571173], ['International', 47583395], ['Worldwide', 130154568]]","['Adam Shankman', 'Sam Harper', 'Craig Titley', 'Frank B. Gilbreth Jr.', 'Ernestine Gilbreth Carey', 'Shawn Levy', 'Ben Myron', 'John Debney', 'Peter James', 'Matthew Cassel', 'Christopher Greenbury', 'Cary White']","['Steve Martin', 'Bonnie Hunt', 'Hilary Duff', 'Eugene Levy']"
Mr. Holland's Opus,Walt Disney Studios Motion Pictures,,14466.0,1995-12-29,PG,143.0,"['Drama', 'Music']","[['Domestic', 82569971], ['International', 23700000], ['Worldwide', 106269971]]","['Stephen Herek', 'Patrick Sheane Duncan', 'Robert W. Cort', 'Ted Field', 'Michael Nolin', 'Michael Kamen', 'Oliver Wood', 'Trudy Ship', 'David Nichols']","['Richard Dreyfuss', 'Glenne Headly', 'Jay Thomas', 'Olympia Dukakis']"
Bram Stoker's Dracula,Columbia Pictures,40000000.0,30521679.0,1992-11-13,R,128.0,['Horror'],"[['Domestic', 82522790], ['International', 133339902], ['Worldwide', 215862692]]","['Francis Ford Coppola', 'Bram Stoker', 'James V. Hart', 'Francis Ford Coppola', 'Fred Fuchs', 'Charles Mulvehill', 'Wojciech Kilar', 'Michael Ballhaus', 'Anne Goursaud', 'Glen Scantlebury', 'Nicholas C. Smith', 'Thomas E. Sanders']","['Gary Oldman', 'Winona Ryder', 'Anthony Hopkins', 'Keanu Reeves']"
Fried Green Tomatoes,Universal Pictures,,105317.0,1991-12-27,,130.0,['Drama'],"[['Domestic', 82418501], ['International', 37000000], ['Worldwide', 119418501]]","['Jon Avnet', 'Fannie Flagg', 'Fannie Flagg', 'Carol Sobieski', 'Jon Avnet', 'Jordan Kerner', 'Thomas Newman', 'Geoffrey Simpson', 'Debra Neil-Fisher', 'Barbara Ling']","['Kathy Bates', 'Jessica Tandy', 'Mary Stuart Masterson', 'Mary-Louise Parker']"
Let's Be Cops,Twentieth Century Fox,17000000.0,17813722.0,2014-08-13,R,104.0,"['Action', 'Comedy', 'Crime']","[['Domestic', 82390774], ['International', 55834177], ['Worldwide', 138224951]]","['Luke Greenfield', 'Luke Greenfield', 'Nicholas Thomas', 'Luke Greenfield', 'Simon Kinberg', 'Aditya Sood', 'Christophe Beck', 'Jake Monaco', 'Daryn Okada', 'Bill Pankow', 'Jonathan Schwartz', 'William Arnold']","['Jake Johnson', 'Damon Wayans Jr.', 'Rob Riggle', 'Nina Dobrev']"
Blade II,New Line Cinema,54000000.0,32528016.0,2002-03-22,R,117.0,"['Action', 'Fantasy', 'Horror', 'Sci-Fi', 'Thriller']","[['Domestic', 82348319], ['International', 72661713], ['Worldwide', 155010032]]","['Guillermo del Toro', 'Marv Wolfman', 'Gene Colan', 'David S. Goyer', 'Peter Frankfurt', 'Tomas Krejci', 'Patrick J. Palmer', 'Wesley Snipes', 'Marco Beltrami', 'Gabriel Beristain', 'Peter Amundson', 'Carol Spier']","['Wesley Snipes', 'Kris Kristofferson', 'Ron Perlman', 'Leonor Varela']"
Beowulf,Paramount Pictures,150000000.0,27515871.0,2007-11-14,PG-13,115.0,"['Action', 'Adventure', 'Animation', 'Fantasy']","[['Domestic', 82280579], ['International', 114113166], ['Worldwide', 196393745]]","['Robert Zemeckis', 'Neil Gaiman', 'Roger Avary', 'Anonymous', 'Jack Rapke', 'Steve Starkey', 'Robert Zemeckis', 'Alan Silvestri', 'Robert Presley', ""Jeremiah O'Driscoll"", 'Doug Chiang']","['Ray Winstone', 'Crispin Glover', 'Angelina Jolie', 'Robin Wright']"
Bridge to Terabithia,Walt Disney Studios Motion Pictures,,22564612.0,2007-02-16,PG,96.0,"['Drama', 'Family', 'Fantasy']","[['Domestic', 82272442], ['International', 55314621], ['Worldwide', 137587063]]","['Gabor Csupo', 'Jeff Stockwell', 'David Paterson', 'Katherine Paterson', 'Lauren Levine', 'Hal Lieberman', 'David Paterson', 'Aaron Zigman', 'Michael Chapman', 'John Gilbert', 'Robert Gillies']","['Josh Hutcherson', 'AnnaSophia Robb', 'Zooey Deschanel', 'Robert Patrick']"
The Pink Panther,Sony Pictures Entertainment (SPE),80000000.0,20220412.0,2006-02-09,PG,93.0,"['Adventure', 'Comedy', 'Crime', 'Family', 'Mystery']","[['Domestic', 82226474], ['International', 81889423], ['Worldwide', 164115897]]","['Shawn Levy', 'Len Blum', 'Steve Martin', 'Len Blum', 'Michael Saltzman', 'Maurice Richlin', 'Blake Edwards', 'Robert Simonds', 'Christophe Beck', 'Jonathan Brown', 'George Folsey Jr.', 'Brad Wilhite', 'Lilly Kilvert']","['Steve Martin', 'Kevin Kline', 'Jean Reno', 'Emily Mortimer']"
Teenage Mutant Ninja Turtles: Out of the Shadows,Paramount Pictures,135000000.0,35316382.0,2016-06-02,PG-13,112.0,"['Action', 'Adventure', 'Comedy', 'Sci-Fi']","[['Domestic', 82051601], ['International', 163572247], ['Worldwide', 245623848]]","['Dave Green', 'Josh Appelbaum', 'André Nemec', 'Peter Laird', 'Kevin Eastman', 'Michael Bay', 'Andrew Form', 'Brad Fuller', 'Scott Mednick', 'Galen Walker', 'Steve Jablonsky', 'Lula Carvalho', 'Bob Ducsay', 'Jim May', 'Martin Laing']","['Megan Fox', 'Will Arnett', 'Tyler Perry', 'Laura Linney']"
The Post,Twentieth Century Fox,50000000.0,526011.0,2017-12-22,PG-13,116.0,['Drama'],"[['Domestic', 81903458], ['International', 97866009], ['Worldwide', 179769467]]","['Steven Spielberg', 'Liz Hannah', 'Josh Singer', 'Kristie Macosko Krieger', 'Amy Pascal', 'Steven Spielberg', 'John Williams', 'Janusz Kaminski', 'Sarah Broshar', 'Michael Kahn', 'Rick Carter']","['Meryl Streep', 'Tom Hanks', 'Sarah Paulson', 'Bob Odenkirk']"
Alien,Twentieth Century Fox,11000000.0,3527881.0,1979-05-25,R,117.0,"['Horror', 'Sci-Fi']","[['Domestic', 81900459], ['International', 24385063], ['Worldwide', 106285522]]","['Ridley Scott', ""Dan O'Bannon"", ""Dan O'Bannon"", 'Ronald Shusett', 'Gordon Carroll', 'David Giler', 'Walter Hill', 'Jerry Goldsmith', 'Derek Vanlint', 'David Crowther', 'Terry Rawlings', 'Peter Weatherley', 'Michael Seymour']","['Sigourney Weaver', 'Tom Skerritt', 'John Hurt', 'Veronica Cartwright']"
Jaws 2,Universal Pictures,,9866023.0,1978-06-16,,116.0,"['Adventure', 'Horror', 'Thriller']","[['Domestic', 81766007], ['International', 106118000], ['Worldwide', 187884007]]","['Jeannot Szwarc', 'Peter Benchley', 'Carl Gottlieb', 'Howard Sackler', 'David Brown', 'Richard D. Zanuck', 'John Williams', 'Michael C. Butler', 'Steve Potter', 'Arthur Schmidt', 'Neil Travis', 'Joe Alves']","['Roy Scheider', 'Lorraine Gary', 'Murray Hamilton', 'Joseph Mascolo']"
Maze Runner: The Scorch Trials,Twentieth Century Fox,61000000.0,30316510.0,2015-09-09,PG-13,131.0,"['Action', 'Adventure', 'Sci-Fi', 'Thriller']","[['Domestic', 81697192], ['International', 230598864], ['Worldwide', 312296056]]","['Wes Ball', 'T.S. Nowlin', 'James Dashner', 'Marty Bowen', 'Wyck Godfrey', 'Ellen Goldsmith-Vein', 'Joe Hartwick Jr.', 'Lee Stollman', 'John Paesano', 'Gyula Pados', 'Dan Zimmerman', 'Daniel T. Dorrance']","[""Dylan O'Brien"", 'Kaya Scodelario', 'Thomas Brodie-Sangster', 'Giancarlo Esposito']"
Heaven Can Wait,Paramount Pictures,,3652486.0,1978-06-28,,101.0,"['Comedy', 'Fantasy', 'Romance', 'Sport']","[['Domestic', 81640278], ['International', 81640278]]","['Warren Beatty', 'Buck Henry', 'Elaine May', 'Warren Beatty', 'Harry Segall', 'Robert Towne', 'Warren Beatty', 'Dave Grusin', 'William A. Fraker', 'Robert C. Jones', 'Don Zimmerman', 'Paul Sylbert']","['Warren Beatty', 'James Mason', 'Julie Christie', 'Jack Warden']"
Eight Below,Walt Disney Studios Motion Pictures,40000000.0,20188176.0,2006-02-17,PG,,"['Adventure', 'Drama', 'Family']","[['Domestic', 81612565], ['International', 38843429], ['Worldwide', 120455994]]","['Frank Marshall', 'David DiGilio', 'Toshirô Ishidô', 'Koreyoshi Kurahara', 'Tatsuo Nogami', 'Susumu Saji', 'Patrick Crowley', 'David Hoberman', 'Mark Isham', 'Don Burgess', 'Christopher Rouse', 'John Willett']","['Paul Walker', 'Jason Biggs', 'Bruce Greenwood', 'Moon Bloodgood']"
MASH,Twentieth Century Fox,3500000.0,,1970-01-25,R,116.0,"['Comedy', 'Drama', 'War']","[['Domestic', 81600000], ['International', 81600000]]","['Robert Altman', 'Richard Hooker', 'Ring Lardner Jr.', 'Ingo Preminger', 'Johnny Mandel', 'Harold E. Stine', 'Danford B. Greene']","['Donald Sutherland', 'Elliott Gould', 'Tom Skerritt', 'Sally Kellerman']"
Unstoppable,Twentieth Century Fox,100000000.0,22688457.0,2010-11-10,PG-13,98.0,"['Action', 'Thriller']","[['Domestic', 81562942], ['International', 86242524], ['Worldwide', 167805466]]","['Tony Scott', 'Mark Bomback', 'Eric McLeod', 'Mimi Rogers', 'Tony Scott', 'Julie Yorn', 'Alex Young', 'Harry Gregson-Williams', 'Ben Seresin', 'Robert Duffy', 'Chris Lebenzon', 'Chris Seagers']","['Denzel Washington', 'Chris Pine', 'Rosario Dawson', 'Ethan Suplee']"
Payback,Paramount Pictures,90000000.0,21221526.0,1999-02-05,R,100.0,"['Action', 'Crime', 'Drama', 'Thriller']","[['Domestic', 81526121], ['International', 80100000], ['Worldwide', 161626121]]","['Brian Helgeland', 'Donald E. Westlake', 'Brian Helgeland', 'Terry Hayes', 'Bruce Davey', 'Chris Boardman', 'Ericson Core', 'Kevin Stitt', 'Richard Hoover']","['Mel Gibson', 'Gregg Henry', 'Maria Bello', 'David Paymer']"
Ted 2,Universal Pictures,68000000.0,33507870.0,2015-06-19,R,115.0,['Comedy'],"[['Domestic', 81476385], ['International', 134387221], ['Worldwide', 215863606]]","['Seth MacFarlane', 'Seth MacFarlane', 'Alec Sulkin', 'Wellesley Wild', 'Seth MacFarlane', 'Jason Clark', 'John Jacobs', 'Seth MacFarlane', 'Scott Stuber', 'Walter Murphy', 'Michael Barrett', 'Jeff Freeman', 'Stephen J. Lineweaver']","['Mark Wahlberg', 'Seth MacFarlane', 'Amanda Seyfried', 'Jessica Barth']"
The Talented Mr. Ripley,Paramount Pictures,40000000.0,12738237.0,1999-12-25,R,139.0,"['Crime', 'Drama', 'Thriller']","[['Domestic', 81298265], ['International', 47500000], ['Worldwide', 128798265]]","['Anthony Minghella', 'Patricia Highsmith', 'Anthony Minghella', 'William Horberg', 'Tom Sternberg', 'Gabriel Yared', 'John Seale', 'Walter Murch', 'Roy Walker']","['Matt Damon', 'Gwyneth Paltrow', 'Jude Law', 'Cate Blanchett']"
School of Rock,Paramount Pictures,35000000.0,19622714.0,2003-10-03,PG-13,109.0,"['Comedy', 'Music']","[['Domestic', 81261177], ['International', 49834813], ['Worldwide', 131095990]]","['Richard Linklater', 'Mike White', 'Scott Rudin', 'Craig Wedren', 'Rogier Stoffers', 'Sandra Adair', 'Jeremy Conway']","['Jack Black', 'Mike White', 'Joan Cusack', 'Adam Pascal']"
Police Academy,Warner Bros.,,8570007.0,1984-03-23,,96.0,['Comedy'],"[['Domestic', 81198894], ['International', 81198894]]","['Hugh Wilson', 'Neal Israel', 'Pat Proft', 'Hugh Wilson', 'Neal Israel', 'Pat Proft', 'Paul Maslansky', 'Paul Maslansky', 'Robert Folk', 'Michael D. Margulies', 'Robert Brown', 'Zach Staenberg', 'Trevor Williams']","['Steve Guttenberg', 'G.W. Bailey', 'Kim Cattrall', 'Bubba Smith']"
Snow Dogs,Walt Disney Studios Motion Pictures,33000000.0,17814259.0,2002-01-18,PG,99.0,"['Adventure', 'Comedy', 'Family', 'Sport']","[['Domestic', 81172560], ['International', 33862530], ['Worldwide', 115035090]]","['Brian Levant', 'Jim Kouf', 'Tommy Swerdlow', 'Michael Goldberg', 'Mark Gibson', 'Philip Halprin', 'Gary Paulsen', 'Jordan Kerner', 'John Debney', 'Thomas E. Ackerman', 'Roger Bondelli', 'Stephen J. Lineweaver']","['Cuba Gooding Jr.', 'James Coburn', 'Sisqó', 'Nichelle Nichols']"
21,Sony Pictures Entertainment (SPE),35000000.0,24105943.0,2008-03-28,PG-13,123.0,"['Crime', 'Drama', 'History', 'Thriller']","[['Domestic', 81159365], ['International', 78649005], ['Worldwide', 159808370]]","['Robert Luketic', 'Peter Steinfeld', 'Allan Loeb', 'Ben Mezrich', 'Dana Brunetti', 'Michael De Luca', 'Kevin Spacey', 'David Sardy', 'Russell Carpenter', 'Elliot Graham', 'Missy Stewart']","['Jim Sturgess', 'Kate Bosworth', 'Kevin Spacey', 'Aaron Yoo']"
While You Were Sleeping,Walt Disney Studios Motion Pictures,17000000.0,9288915.0,1995-04-21,PG,103.0,"['Comedy', 'Drama', 'Romance']","[['Domestic', 81057016], ['International', 101000000], ['Worldwide', 182057016]]","['Jon Turteltaub', 'Daniel G. Sullivan', 'Fredric Lebow', 'Roger Birnbaum', 'Joe Roth', 'Randy Edelman', 'Phedon Papamichael', 'Bruce Green', 'Garreth Stover']","['Sandra Bullock', 'Bill Pullman', 'Peter Gallagher', 'Peter Boyle']"
Congo,Paramount Pictures,,24642539.0,1995-06-09,PG-13,109.0,"['Action', 'Adventure', 'Mystery', 'Sci-Fi']","[['Domestic', 81022101], ['International', 71000000], ['Worldwide', 152022101]]","['Frank Marshall', 'Michael Crichton', 'John Patrick Shanley', 'Kathleen Kennedy', 'Sam Mercer', 'Jerry Goldsmith', 'Allen Daviau', 'Anne V. Coates', 'J. Michael Riva']","['Laura Linney', 'Tim Curry', 'Dylan Walsh', 'Ernie Hudson']"
The Notebook,New Line Cinema,29000000.0,13464745.0,2004-06-25,PG-13,123.0,"['Drama', 'Romance']","[['Domestic', 81001787], ['International', 36813122], ['Worldwide', 117814909]]","['Nick Cassavetes', 'Jeremy Leven', 'Jan Sardi', 'Nicholas Sparks', 'Lynn Harris', 'Mark Johnson', 'Aaron Zigman', 'Robert Fraisse', 'Alan Heim', 'Sarah Knowles']","['Gena Rowlands', 'James Garner', 'Rachel McAdams', 'Ryan Gosling']"
Jimmy Neutron: Boy Genius,Paramount Pictures,30000000.0,13832786.0,2001-12-21,,82.0,"['Action', 'Adventure', 'Animation', 'Comedy', 'Family', 'Sci-Fi']","[['Domestic', 80936232], ['International', 22056304], ['Worldwide', 102992536]]","['John A. Davis', 'John A. Davis', 'Steve Oedekerk', 'John A. Davis', 'Steve Oedekerk', 'David N. Weiss', 'J. David Stem', 'John A. Davis', 'Danelle Hand', 'John A. Davis', 'Albie Hecht', 'Steve Oedekerk', 'Brian Causey', 'John Debney', 'Steve Kolbe', 'Chris Sherrod', 'Gregory Perler', 'Jon Price', 'Fred Cline']","['Debi Derryberry', 'Rob Paulsen', 'Megan Cavanagh', 'Mark DeCarlo']"
Another 48 Hrs.,Paramount Pictures,,19475559.0,1990-06-08,,93.0,"['Action', 'Comedy', 'Crime', 'Drama', 'Mystery', 'Thriller']","[['Domestic', 80818974], ['International', 72700000], ['Worldwide', 153518974]]","['Walter Hill', 'Roger Spottiswoode', 'Walter Hill', 'Larry Gross', 'Steven E. de Souza', 'Eddie Murphy', 'John Fasano', 'Jeb Stuart', 'Larry Gross', 'Lawrence Gordon', 'Robert D. Wachs', 'James Horner', 'Matthew F. Leonetti', 'Donn Aron', 'Carmel Davies', 'Freeman A. Davies', 'Tim Ryder', 'Joseph C. Nemec III']","['Eddie Murphy', 'Nick Nolte', 'Brion James', 'Kevin Tighe']"
Moonstruck,Metro-Goldwyn-Mayer (MGM),,127599.0,1987-12-18,,102.0,"['Comedy', 'Drama', 'Romance']","[['Domestic', 80640528], ['International', 80640528]]","['Norman Jewison', 'John Patrick Shanley', 'Norman Jewison', 'Patrick J. Palmer', 'Dick Hyman', 'David Watkin', 'Lou Lombardo', 'Philip Rosenberg']","['Cher', 'Nicolas Cage', 'Olympia Dukakis', 'Danny Aiello']"
Eat Pray Love,Sony Pictures Entertainment (SPE),60000000.0,23104523.0,2010-08-13,PG-13,133.0,"['Biography', 'Drama', 'Romance']","[['Domestic', 80574010], ['International', 124020006], ['Worldwide', 204594016]]","['Ryan Murphy', 'Ryan Murphy', 'Jennifer Salt', 'Elizabeth Gilbert', 'Dede Gardner', 'Dario Marianelli', 'Robert Richardson', 'Bradley Buecker', 'Bill Groom']","['Julia Roberts', 'Javier Bardem', 'Richard Jenkins', 'Viola Davis']"
The Texas Chainsaw Massacre,New Line Cinema,9500000.0,29100000.0,2003-10-17,R,98.0,['Horror'],"[['Domestic', 80571655], ['International', 26792250], ['Worldwide', 107363905]]","['Marcus Nispel', 'Kim Henkel', 'Tobe Hooper', 'Scott Kosar', 'Michael Bay', 'Mike Fleiss', 'Steve Jablonsky', 'Daniel Pearl', 'Glen Scantlebury', 'Greg Blair']","['Jessica Biel', 'Jonathan Tucker', 'Andrew Bryniarski', 'Erica Leerhsen']"
Zookeeper,Sony Pictures Entertainment (SPE),80000000.0,20065617.0,2011-07-06,PG,102.0,"['Comedy', 'Family', 'Fantasy', 'Romance']","[['Domestic', 80360843], ['International', 89491916], ['Worldwide', 169852759]]","['Frank Coraci', 'Nick Bakay', 'Rock Reuben', 'Kevin James', 'Jay Scherick', 'David Ronn', 'Jay Scherick', 'David Ronn', 'Walt Becker', 'Todd Garner', 'Jack Giarraputo', 'Kevin James', 'Adam Sandler', 'Rupert Gregson-Williams', 'Michael Barrett', 'Scott Hill', 'Kirk M. Petruccelli']","['Kevin James', 'Rosario Dawson', 'Leslie Bibb', 'Ken Jeong']"
Alien vs. Predator,Twentieth Century Fox,60000000.0,38291056.0,2004-08-12,PG-13,101.0,"['Action', 'Adventure', 'Horror', 'Sci-Fi', 'Thriller']","[['Domestic', 80282231], ['International', 97144859], ['Worldwide', 177427090]]","['Paul W.S. Anderson', ""Dan O'Bannon"", 'Ronald Shusett', 'Jim Thomas', 'John Thomas', 'Paul W.S. Anderson', ""Dan O'Bannon"", 'Ronald Shusett', 'Paul W.S. Anderson', 'Gordon Carroll', 'John Davis', 'David Giler', 'Walter Hill', 'Harald Kloser', 'David Johnson', 'Alexander Berner', 'Richard Bridgland']","['Sanaa Lathan', 'Lance Henriksen', 'Raoul Bova', 'Ewen Bremner']"
What Happens in Vegas,Twentieth Century Fox,35000000.0,20172474.0,2008-05-07,PG-13,99.0,"['Comedy', 'Romance']","[['Domestic', 80277646], ['International', 139097916], ['Worldwide', 219375562]]","['Tom Vaughan', 'Dana Fox', 'Michael Aguilar', 'Shawn Levy', 'Jimmy Miller', 'Christophe Beck', 'Matthew F. Leonetti', 'Matt Friedman', 'Stuart Wurtzel']","['Cameron Diaz', 'Ashton Kutcher', 'Rob Corddry', 'Lake Bell']"
The Dukes of Hazzard,Warner Bros.,50000000.0,30675314.0,2005-08-05,PG-13,104.0,['Comedy'],"[['Domestic', 80270227], ['International', 30799288], ['Worldwide', 111069515]]","['Jay Chandrasekhar', 'Gy Waldron', ""John O'Brien"", ""John O'Brien"", 'Jonathan L. Davis', 'Bill Gerber', 'Nathan Barr', 'Lawrence Sher', 'Jay Chandrasekhar', 'Lee Haxall', 'Myron Kerstein', 'Jon Gary Steele']","['Seann William Scott', 'Johnny Knoxville', 'Jessica Simpson', 'Alice Greczyn']"
The Wedding Singer,New Line Cinema,18000000.0,18865080.0,1998-02-13,PG-13,97.0,"['Comedy', 'Music', 'Romance']","[['Domestic', 80245725], ['International', 43061262], ['Worldwide', 123306987]]","['Frank Coraci', 'Tim Herlihy', 'Jack Giarraputo', 'Robert Simonds', 'Teddy Castellucci', 'Tim Suhrstedt', 'Tom Lewis', 'Perry Andelin Blake']","['Adam Sandler', 'Drew Barrymore', 'Christine Taylor', 'Allen Covert']"
Saw III,Lionsgate,10000000.0,33610391.0,2006-10-27,R,108.0,"['Crime', 'Horror', 'Mystery', 'Thriller']","[['Domestic', 80238724], ['International', 84635551], ['Worldwide', 164874275]]","['Darren Lynn Bousman', 'Leigh Whannell', 'James Wan', 'Leigh Whannell', 'Mark Burg', 'Gregg Hoffman', 'Oren Koules', 'Charlie Clouser', 'David A. Armstrong', 'Kevin Greutert', 'David Hackl']","['Tobin Bell', 'Shawnee Smith', 'Angus Macfadyen', 'Bahar Soomekh']"
The Mummy,Universal Pictures,125000000.0,31688375.0,2017-06-06,PG-13,111.0,"['Action', 'Adventure', 'Fantasy', 'Thriller']","[['Domestic', 80227895], ['International', 329003712], ['Worldwide', 409231607]]","['Alex Kurtzman', 'David Koepp', 'Christopher McQuarrie', 'Dylan Kussman', 'Jon Spaihts', 'Alex Kurtzman', 'Jenny Lumet', 'Sarah Bradshaw', 'Sean Daniel', 'Alex Kurtzman', 'Chris Morgan', 'Brian Tyler', 'Ben Seresin', 'Gina Hirsch', 'Paul Hirsch', 'Andrew Mondshein', 'Jon Hutman', 'Dominic Watkins']","['Tom Cruise', 'Sofia Boutella', 'Annabelle Wallis', 'Russell Crowe']"
Disturbia,DreamWorks,20000000.0,22224982.0,2007-04-12,PG-13,105.0,"['Crime', 'Drama', 'Mystery', 'Thriller']","[['Domestic', 80209692], ['International', 37904528], ['Worldwide', 118114220]]","['D.J. Caruso', 'Christopher Landon', 'Carl Ellsworth', 'Christopher Landon', 'Jackie Marcus Schaffer', 'Joe Medjuck', 'E. Bennett Walsh', 'Geoff Zanelli', 'Rogier Stoffers', 'Jim Page', 'Tom Southwell']","['Shia LaBeouf', 'David Morse', 'Carrie-Anne Moss', 'Sarah Roemer']"
Nacho Libre,Paramount Pictures,35000000.0,28309599.0,2006-06-16,PG,92.0,"['Comedy', 'Family', 'Sport']","[['Domestic', 80197993], ['International', 19057467], ['Worldwide', 99255460]]","['Jared Hess', 'Jared Hess', 'Jerusha Hess', 'Mike White', 'Jack Black', 'David Klawans', 'Julia Pistor', 'Mike White', 'Danny Elfman', 'Xavier Grobet', 'Billy Weber', 'Gideon Ponte']","['Jack Black', 'Ana de la Reguera', 'Héctor Jiménez', 'Darius Rose']"
Jumper,Twentieth Century Fox,85000000.0,27354808.0,2008-02-13,PG-13,88.0,"['Action', 'Adventure', 'Sci-Fi', 'Thriller']","[['Domestic', 80172128], ['International', 144959985], ['Worldwide', 225132113]]","['Doug Liman', 'David S. Goyer', 'Jim Uhls', 'Simon Kinberg', 'Steven Gould', 'Lucas Foster', 'Simon Kinberg', 'Arnon Milchan', 'Jay Sanders', 'John Powell', 'Barry Peterson', 'Saar Klein', 'Dean Zimmerman', 'Don Zimmerman', 'Oliver Scholl']","['Hayden Christensen', 'Samuel L. Jackson', 'Jamie Bell', 'Rachel Bilson']"
Goosebumps,Sony Pictures Entertainment (SPE),58000000.0,23618556.0,2015-10-14,PG,103.0,"['Adventure', 'Comedy', 'Family', 'Fantasy', 'Horror']","[['Domestic', 80080379], ['International', 78181045], ['Worldwide', 158261424]]","['Rob Letterman', 'Darren Lemke', 'Scott Alexander', 'Larry Karaszewski', 'R.L. Stine', 'Deborah Forte', 'Neal H. Moritz', 'Danny Elfman', 'Javier Aguirresarobe', 'Jim May', 'Sean Haworth']","['Jack Black', 'Dylan Minnette', 'Odeya Rush', 'Ryan Lee']"
Jack Reacher,Paramount Pictures,60000000.0,15210156.0,2012-12-20,PG-13,130.0,"['Action', 'Thriller']","[['Domestic', 80070736], ['International', 138269859], ['Worldwide', 218340595]]","['Christopher McQuarrie', 'Lee Child', 'Christopher McQuarrie', 'Tom Cruise', 'Don Granger', 'Gary Levinsohn', 'Paula Wagner', 'Joe Kraemer', 'Caleb Deschanel', 'Kevin Stitt', 'Jim Bissell']","['Tom Cruise', 'Rosamund Pike', 'Richard Jenkins', 'Werner Herzog']"
Cloverfield,Paramount Pictures,25000000.0,40058229.0,2008-01-17,PG-13,85.0,"['Action', 'Horror', 'Sci-Fi', 'Thriller']","[['Domestic', 80048433], ['International', 92345747], ['Worldwide', 172394180]]","['Matt Reeves', 'Drew Goddard', 'J.J. Abrams', 'Bryan Burk', 'Michael Bonvillain', 'Kevin Stitt', 'Martin Whist']","['Mike Vogel', 'Jessica Lucas', 'Lizzy Caplan', 'T.J. Miller']"
Footloose,Paramount Pictures,8200000.0,8556935.0,1984-02-17,,107.0,"['Drama', 'Music', 'Romance']","[['Domestic', 80035402], ['International', 3662], ['Worldwide', 80039064]]","['Herbert Ross', 'Dean Pitchford', 'Lewis J. Rachmil', 'Craig Zadan', 'Ric Waite', 'Paul Hirsch', 'Ron Hobbs']","['Kevin Bacon', 'Lori Singer', 'John Lithgow', 'Dianne Wiest']"
Dear John,Screen Gems,25000000.0,30468614.0,2010-02-05,PG-13,108.0,"['Drama', 'Romance', 'War']","[['Domestic', 80014842], ['International', 34969824], ['Worldwide', 114984666]]","['Lasse Hallström', 'Jamie Linden', 'Nicholas Sparks', 'Marty Bowen', 'Wyck Godfrey', 'Ryan Kavanaugh', 'Deborah Lurie', 'Terry Stacey', 'Kristina Boden', 'Kara Lindstrom']","['Channing Tatum', 'Amanda Seyfried', 'Richard Jenkins', 'Henry Thomas']"
Men in Black: International,Sony Pictures Entertainment (SPE),110000000.0,30035838.0,2019-06-12,PG-13,114.0,"['Action', 'Adventure', 'Comedy', 'Sci-Fi']","[['Domestic', 80001807], ['International', 173888894], ['Worldwide', 253890701]]","['F. Gary Gray', 'Matt Holloway', 'Art Marcum', 'Lowell Cunningham', 'Laurie MacDonald', 'Walter F. Parkes', 'Chris Bacon', 'Danny Elfman', 'Stuart Dryburgh', 'Zene Baker', 'Christian Wagner', 'Matthew Willard', 'Charles Wood']","['Chris Hemsworth', 'Tessa Thompson', 'Kumail Nanjiani', 'Rebecca Ferguson']"
A Star Is Born,Warner Bros.,,,1976-12-19,,139.0,"['Drama', 'Music', 'Romance']","[['Domestic', 80000000], ['International', 80000000]]","['Frank Pierson', 'John Gregory Dunne', 'Joan Didion', 'Frank Pierson', 'William A. Wellman', 'Robert Carson', 'Barbra Streisand', 'Jonathan Axelrod', 'Jay Presson Allen', 'Alvin Sargent', 'Jon Peters', 'Roger Kellaway', 'Robert Surtees', 'Peter Zinner', 'Polly Platt']","['Barbra Streisand', 'Kris Kristofferson', 'Gary Busey', 'Oliver Clark']"
Knowing,Summit Entertainment,50000000.0,24604751.0,2007-05-16,PG-13,121.0,"['Action', 'Drama', 'Sci-Fi', 'Thriller']","[['Domestic', 79957634], ['International', 103700864], ['Worldwide', 183658498]]","['Alex Proyas', 'Ryne Douglas Pearson', 'Juliet Snowden', 'Stiles White', 'Ryne Douglas Pearson', 'Todd Black', 'Jason Blumenthal', 'Alex Proyas', 'Steve Tisch', 'Marco Beltrami', 'Simon Duggan', 'Richard Learoyd', 'Steven Jones-Evans']","['Nicolas Cage', 'Chandler Canterbury', 'Rose Byrne', 'Lara Robinson']"
